-- phpMyAdmin SQL Dump
-- version 3.5.7
-- http://www.phpmyadmin.net
--
-- Host: localhost
-- Generation Time: Aug 14, 2013 at 11:11 AM
-- Server version: 5.6.10
-- PHP Version: 5.3.15

SET SQL_MODE="NO_AUTO_VALUE_ON_ZERO";
SET time_zone = "+00:00";


/*!40101 SET @OLD_CHARACTER_SET_CLIENT=@@CHARACTER_SET_CLIENT */;
/*!40101 SET @OLD_CHARACTER_SET_RESULTS=@@CHARACTER_SET_RESULTS */;
/*!40101 SET @OLD_COLLATION_CONNECTION=@@COLLATION_CONNECTION */;
/*!40101 SET NAMES utf8 */;

--
-- Database: `aietimedb`
--

-- --------------------------------------------------------

--
-- Table structure for table `adminuser`
--

CREATE TABLE IF NOT EXISTS `adminuser` (
  `user_id` int(10) NOT NULL AUTO_INCREMENT,
  `username` varchar(20) NOT NULL,
  `password` varchar(20) NOT NULL,
  `position` varchar(30) NOT NULL,
  PRIMARY KEY (`user_id`)
) ENGINE=InnoDB  DEFAULT CHARSET=latin1 AUTO_INCREMENT=2 ;

--
-- Dumping data for table `adminuser`
--

INSERT INTO `adminuser` (`user_id`, `username`, `password`, `position`) VALUES
(1, 'admin', 'admin', 'warehouse administrator');

-- --------------------------------------------------------

--
-- Table structure for table `continents`
--

CREATE TABLE IF NOT EXISTS `continents` (
  `continents_id` int(11) NOT NULL AUTO_INCREMENT COMMENT 'It means Rate Zone ID',
  `continents_name` varchar(50) NOT NULL,
  PRIMARY KEY (`continents_id`)
) ENGINE=InnoDB  DEFAULT CHARSET=utf8 CHECKSUM=1 DELAY_KEY_WRITE=1 ROW_FORMAT=DYNAMIC AUTO_INCREMENT=39 ;

--
-- Dumping data for table `continents`
--

INSERT INTO `continents` (`continents_id`, `continents_name`) VALUES
(1, 'A'),
(2, 'B'),
(3, 'C'),
(4, 'D'),
(5, 'E'),
(6, 'F'),
(7, 'G'),
(8, 'H1'),
(9, 'H2'),
(10, 'I'),
(11, 'J'),
(12, 'K'),
(13, 'L'),
(14, 'M'),
(15, 'N'),
(16, 'N'),
(17, 'N'),
(18, 'N'),
(19, 'N'),
(20, 'N'),
(21, 'N'),
(22, 'N'),
(23, 'N'),
(24, 'N'),
(25, 'N'),
(26, 'N'),
(27, 'N'),
(28, 'N'),
(29, 'N'),
(30, 'N'),
(31, 'N'),
(32, 'N'),
(33, 'N'),
(34, 'N'),
(35, 'N'),
(36, 'N'),
(37, 'N'),
(38, 'N');

-- --------------------------------------------------------

--
-- Table structure for table `countries`
--

CREATE TABLE IF NOT EXISTS `countries` (
  `ID` int(11) NOT NULL AUTO_INCREMENT,
  `DHL_continents_id` int(11) NOT NULL,
  `TNT_continents_id` int(11) NOT NULL,
  `Fedex_continents_id` int(11) NOT NULL,
  `Fedex_Eco_continents_id` int(11) NOT NULL,
  `Code` char(2) DEFAULT NULL,
  `Name` varchar(50) DEFAULT NULL,
  PRIMARY KEY (`ID`)
) ENGINE=InnoDB  DEFAULT CHARSET=utf8 CHECKSUM=1 DELAY_KEY_WRITE=1 ROW_FORMAT=DYNAMIC AUTO_INCREMENT=192 ;

--
-- Dumping data for table `countries`
--

INSERT INTO `countries` (`ID`, `DHL_continents_id`, `TNT_continents_id`, `Fedex_continents_id`, `Fedex_Eco_continents_id`, `Code`, `Name`) VALUES
(1, 5, 5, 5, 5, NULL, 'Albania'),
(2, 34, 34, 34, 34, NULL, 'Algeria'),
(3, 12, 0, 0, 0, NULL, 'American Samoa'),
(4, 3, 0, 3, 3, NULL, 'Andorra'),
(5, 20, 0, 20, 20, NULL, 'Angola'),
(6, 14, 0, 14, 14, NULL, 'Anguilla'),
(7, 14, 0, 14, 14, NULL, 'Antigua'),
(8, 19, 0, 19, 19, NULL, 'Armenia'),
(9, 14, 0, 14, 14, NULL, 'Aruba'),
(10, 25, 25, 25, 25, NULL, 'Australia'),
(11, 3, 0, 3, 3, NULL, 'Austria'),
(12, 5, 0, 5, 5, NULL, 'Azerbaijan'),
(13, 14, 14, 14, 14, NULL, 'Bahamas'),
(14, 15, 0, 15, 15, NULL, 'Bahrain'),
(15, 11, 0, 11, 11, NULL, 'Bangladesh'),
(16, 14, 0, 14, 14, NULL, 'Barbados'),
(17, 5, 0, 5, 5, NULL, 'Belarus'),
(18, 37, 37, 37, 37, NULL, 'Belgium'),
(19, 20, 0, 20, 20, NULL, 'Benin'),
(20, 14, 0, 14, 14, NULL, 'Bermuda'),
(21, 12, 0, 0, 0, NULL, 'Bhutan'),
(22, 14, 0, 14, 14, NULL, 'Bonaire'),
(23, 5, 5, 5, 5, NULL, 'Bosnia & '),
(24, 20, 0, 20, 20, NULL, 'Botswana'),
(25, 12, 0, 0, 0, NULL, 'Brunei'),
(26, 5, 5, 5, 5, NULL, 'Bulgaria'),
(27, 20, 0, 20, 20, NULL, 'Burkina Faso'),
(28, 12, 0, 0, 0, NULL, 'Burma'),
(29, 20, 0, 20, 20, NULL, 'Burundi'),
(30, 12, 0, 12, 12, NULL, 'Cambodia'),
(31, 20, 0, 20, 20, NULL, 'Cameroon'),
(32, 1, 1, 1, 1, NULL, 'Canada'),
(33, 20, 0, 20, 20, NULL, 'Cape Verde'),
(34, 14, 0, 14, 14, NULL, 'Cayman Islands'),
(35, 20, 0, 20, 20, NULL, 'Central African Republic'),
(36, 20, 0, 20, 20, NULL, 'Chad'),
(37, 8, 8, 8, 8, NULL, 'China'),
(38, 20, 0, 20, 20, NULL, 'Congo'),
(39, 20, 0, 20, 20, NULL, 'Congo Democratic Republic'),
(40, 12, 0, 12, 12, NULL, 'Cook Islands'),
(41, 5, 0, 5, 5, NULL, 'Croatia'),
(42, 14, 0, 14, 14, NULL, 'Curacao'),
(43, 36, 36, 36, 36, NULL, 'Cyprus'),
(44, 5, 0, 5, 5, NULL, 'Czech Republic'),
(45, 3, 0, 3, 3, NULL, 'Denmark'),
(46, 20, 0, 20, 20, NULL, 'Djibouti'),
(47, 14, 0, 14, 14, NULL, 'Dominica'),
(48, 14, 0, 14, 14, NULL, 'Dominican Republic'),
(49, 12, 0, 0, 0, NULL, 'East Timor'),
(50, 17, 17, 17, 17, NULL, 'Egypt'),
(51, 20, 0, 20, 20, NULL, 'Equatorial Guinea'),
(52, 20, 0, 20, 20, NULL, 'Eritrea'),
(53, 5, 0, 5, 5, NULL, 'Estonia'),
(54, 20, 0, 20, 20, NULL, 'Ethiopia'),
(55, 3, 0, 3, 3, NULL, 'Faroe Islands'),
(56, 12, 0, 12, 12, NULL, 'Fiji Islands'),
(57, 3, 0, 3, 3, NULL, 'Finland'),
(58, 2, 2, 2, 2, NULL, 'France'),
(59, 20, 0, 20, 20, NULL, 'Gabon'),
(60, 20, 0, 20, 20, NULL, 'Gambia'),
(61, 5, 0, 5, 5, NULL, 'Georgia'),
(62, 33, 33, 33, 33, NULL, 'Germany'),
(63, 20, 0, 20, 20, NULL, 'Ghana'),
(64, 3, 0, 0, 0, NULL, 'Gibraltar'),
(65, 3, 3, 3, 3, NULL, 'Greece'),
(66, 3, 0, 3, 3, NULL, 'Greenland'),
(67, 14, 0, 14, 14, NULL, 'Grenada'),
(68, 14, 0, 14, 14, NULL, 'Guadeloupe'),
(69, 20, 0, 20, 20, NULL, 'Guinea'),
(70, 20, 0, 20, 20, NULL, 'Guinea-Bissau'),
(71, 14, 0, 14, 14, NULL, 'Haiti'),
(72, 9, 9, 9, 9, NULL, 'Hong Kong'),
(73, 36, 36, 36, 36, NULL, 'Hungary'),
(74, 3, 0, 3, 3, NULL, 'Iceland'),
(75, 11, 11, 11, 11, NULL, 'India'),
(76, 13, 13, 13, 13, NULL, 'Indonesia'),
(77, 2, 0, 2, 2, NULL, 'Ireland'),
(78, 18, 18, 18, 18, NULL, 'Israel'),
(79, 4, 4, 4, 4, NULL, 'Italy'),
(80, 20, 0, 20, 20, NULL, 'Ivory Coast'),
(81, 14, 0, 14, 14, NULL, 'Jamaica'),
(82, 7, 7, 7, 7, NULL, 'Japan'),
(83, 15, 0, 15, 15, NULL, 'Jordan'),
(84, 5, 0, 5, 5, NULL, 'Kazakhstan'),
(85, 20, 0, 20, 20, NULL, 'Kenya'),
(86, 12, 0, 0, 0, NULL, 'Kiribati'),
(87, 12, 0, 0, 0, NULL, 'Korea North'),
(88, 38, 38, 38, 38, NULL, 'Korea South'),
(89, 28, 28, 28, 28, NULL, 'Kuwait'),
(90, 5, 0, 5, 5, NULL, 'Kyrgyzstan'),
(91, 12, 0, 12, 12, NULL, 'Laos'),
(92, 5, 0, 5, 5, NULL, 'Latvia'),
(93, 15, 15, 15, 15, NULL, 'Lebanon'),
(94, 20, 0, 20, 20, NULL, 'Lesotho'),
(95, 20, 0, 20, 20, NULL, 'Liberia'),
(96, 35, 35, 35, 35, NULL, 'Libya'),
(97, 3, 0, 3, 3, NULL, 'Liechtenstein'),
(98, 5, 0, 5, 5, NULL, 'Lithuania'),
(99, 37, 37, 37, 37, NULL, 'Luxmbourg'),
(100, 11, 0, 0, 0, NULL, 'Macau'),
(101, 5, 0, 5, 5, NULL, 'Macedonia'),
(102, 20, 0, 20, 20, NULL, 'Madagascar'),
(103, 20, 0, 20, 20, NULL, 'Malawi'),
(104, 26, 26, 26, 26, NULL, 'Malaysia'),
(105, 12, 0, 0, 0, NULL, 'Maldives'),
(106, 20, 0, 20, 20, NULL, 'Mali'),
(107, 3, 0, 3, 3, NULL, 'Malta'),
(108, 12, 0, 0, 0, NULL, 'Marshall Islands'),
(109, 14, 0, 14, 14, NULL, 'Martinique'),
(110, 20, 0, 20, 20, NULL, 'Mauritania'),
(111, 20, 0, 20, 20, NULL, 'Mauritius'),
(112, 1, 1, 1, 1, NULL, 'Mexico'),
(113, 5, 0, 5, 5, NULL, 'Moldova'),
(114, 2, 0, 2, 2, NULL, 'Monaco'),
(115, 12, 0, 0, 0, NULL, 'Mongolia'),
(116, 5, 0, 5, 5, NULL, 'Montenegro'),
(117, 14, 0, 14, 14, NULL, 'Montserrat'),
(118, 35, 35, 35, 35, NULL, 'Morocco'),
(119, 20, 0, 20, 20, NULL, 'Mozambique'),
(120, 20, 0, 20, 20, NULL, 'Namibia'),
(121, 12, 0, 0, 0, NULL, 'Nauru Republic of'),
(122, 12, 0, 0, 0, NULL, 'Nepal'),
(123, 37, 37, 37, 37, NULL, 'Netherlands'),
(124, 2, 0, 2, 2, NULL, 'Netherlands The'),
(125, 12, 0, 12, 12, NULL, 'New Caledonia'),
(126, 10, 10, 10, 10, NULL, 'New Zealand'),
(127, 20, 0, 20, 20, NULL, 'Niger'),
(128, 20, 0, 20, 20, NULL, 'Nigeria'),
(129, 12, 0, 0, 0, NULL, 'Niue Island'),
(130, 3, 3, 3, 3, NULL, 'Norway'),
(131, 30, 30, 30, 30, NULL, 'Oman'),
(132, 12, 0, 0, 0, NULL, 'Palau'),
(133, 12, 0, 12, 12, NULL, 'Papua New Guinea'),
(134, 16, 16, 16, 16, NULL, 'Philippines'),
(135, 36, 36, 36, 36, NULL, 'Poland'),
(136, 3, 0, 3, 3, NULL, 'Portugal'),
(137, 1, 0, 1, 1, NULL, 'Puerto Rico'),
(138, 31, 31, 31, 31, NULL, 'Qatar'),
(139, 20, 0, 20, 20, NULL, 'Reunion Island'),
(140, 36, 36, 36, 36, NULL, 'Romania'),
(141, 6, 6, 6, 6, NULL, 'Russia'),
(142, 20, 0, 20, 20, NULL, 'Rwanda'),
(143, 14, 0, 14, 14, NULL, 'Saint Lucia'),
(144, 14, 0, 14, 14, NULL, 'Saint Vincent and the Grenadines'),
(145, 2, 0, 0, 0, NULL, 'San Marino'),
(146, 19, 19, 19, 19, NULL, 'Saudi Arabia'),
(147, 20, 0, 20, 20, NULL, 'Senegal'),
(148, 5, 0, 5, 5, NULL, 'Serbia'),
(149, 20, 0, 20, 20, NULL, 'Seychelles'),
(150, 20, 0, 20, 20, NULL, 'Sierra Leone'),
(151, 21, 21, 21, 21, NULL, 'Singapore'),
(152, 5, 0, 5, 5, NULL, 'Slovak Republic'),
(153, 5, 0, 5, 5, NULL, 'Slovenia'),
(154, 12, 0, 0, 0, NULL, 'Solomon Islands'),
(155, 20, 0, 20, 20, NULL, 'South Africa'),
(156, 3, 0, 3, 3, NULL, 'Spain'),
(157, 11, 0, 0, 0, NULL, 'Sri Lanka'),
(158, 14, 0, 14, 14, NULL, 'St. Barthelemy'),
(159, 14, 0, 14, 14, NULL, 'St. Kitts and Nevis'),
(160, 14, 0, 14, 14, NULL, 'St. Maarten/St. Martin'),
(161, 20, 20, 20, 20, NULL, 'Swaziland'),
(162, 3, 0, 3, 3, NULL, 'Sweden'),
(163, 3, 0, 3, 3, NULL, 'Switzerland'),
(164, 12, 0, 0, 0, NULL, 'Tahiti'),
(165, 22, 22, 22, 22, NULL, 'Taiwan'),
(166, 20, 0, 20, 20, NULL, 'Tanzania'),
(167, 23, 23, 23, 23, NULL, 'Thailand'),
(168, 20, 0, 20, 20, NULL, 'Togo'),
(169, 12, 0, 0, 0, NULL, 'Tonga'),
(170, 14, 0, 14, 14, NULL, 'Trinidad & Tobago'),
(171, 20, 0, 20, 20, NULL, 'Tunisia'),
(172, 27, 27, 27, 27, NULL, 'Turkey'),
(173, 14, 0, 14, 14, NULL, 'Turks & Caicos Islands'),
(174, 12, 0, 0, 0, NULL, 'Tuvalu'),
(175, 32, 32, 32, 32, NULL, 'U.K. - England'),
(176, 2, 0, 2, 2, NULL, 'U.K. - Ireland'),
(177, 2, 0, 2, 2, NULL, 'U.K. - Scotland'),
(178, 2, 0, 2, 2, NULL, 'U.K. - Wales'),
(179, 20, 0, 20, 20, NULL, 'Uganda'),
(180, 5, 0, 5, 5, NULL, 'Ukraine'),
(181, 29, 29, 29, 29, NULL, 'United Arab '),
(182, 5, 0, 5, 5, NULL, 'Uzbekistan'),
(183, 12, 0, 12, 12, NULL, 'Vanuatu'),
(184, 24, 24, 24, 24, NULL, 'Vietnam'),
(185, 14, 0, 14, 14, NULL, 'Virgin Islands (BR)'),
(186, 14, 0, 14, 14, NULL, 'Virgin Islands (US)'),
(187, 12, 0, 0, 0, NULL, 'Western Samoa'),
(188, 15, 0, 15, 15, NULL, 'Yemen'),
(189, 20, 0, 20, 20, NULL, 'Zambia'),
(190, 20, 0, 20, 20, NULL, 'Zimbabwe'),
(191, 1, 1, 1, 1, NULL, 'United States');

-- --------------------------------------------------------

--
-- Table structure for table `creditcardinfo`
--

CREATE TABLE IF NOT EXISTS `creditcardinfo` (
  `creditcard_id` int(10) NOT NULL AUTO_INCREMENT,
  `user_id` int(10) NOT NULL,
  `card_number` bigint(16) NOT NULL,
  `exp_month` int(2) NOT NULL,
  `exp_year` int(4) NOT NULL,
  `card_cvc` int(3) NOT NULL,
  `first_name` varchar(15) NOT NULL,
  `last_name` varchar(15) NOT NULL,
  `Card_Type` varchar(15) NOT NULL,
  `billing_address1` varchar(20) NOT NULL,
  `billing_address2` varchar(20) NOT NULL,
  `billing_city` varchar(20) NOT NULL,
  `billing_state` varchar(8) NOT NULL,
  `billing_zip` varchar(10) NOT NULL,
  `billing_country` varchar(15) NOT NULL,
  `card_picture_front` varchar(25) NOT NULL DEFAULT '/CardPic/credit.jpg',
  `card_picture_back` varchar(25) NOT NULL DEFAULT '/CardPic/creditback.jpg',
  `status` varchar(8) NOT NULL DEFAULT 'pending',
  PRIMARY KEY (`creditcard_id`),
  KEY `user_id` (`user_id`)
) ENGINE=InnoDB  DEFAULT CHARSET=latin1 AUTO_INCREMENT=200012 ;

--
-- Dumping data for table `creditcardinfo`
--

INSERT INTO `creditcardinfo` (`creditcard_id`, `user_id`, `card_number`, `exp_month`, `exp_year`, `card_cvc`, `first_name`, `last_name`, `Card_Type`, `billing_address1`, `billing_address2`, `billing_city`, `billing_state`, `billing_zip`, `billing_country`, `card_picture_front`, `card_picture_back`, `status`) VALUES
(200001, 1000001, 2147483647, 12, 2015, 433, 'charlie', 'tse', 'Bank of China', '231 funny str ', 'APT 4', 'HongKong', 'HongKong', '122222', 'China', '/CardPic/credit.jpg', '/CardPic/creditback.jpg', 'pending'),
(200002, 1000003, 2147483647, 12, 2015, 123, 'Barack', 'Obama', 'VISA', 'White House', '', 'Washiton D', 'DC', '12111', 'USA', '', '', ''),
(200004, 1000007, 1112223333, 4, 2014, 123, 'Changshuo', 'Shi', 'visa', '101 Paterson St.', '', 'Jersey City', 'NJ', '07307', 'United States', '/CardPic/credit.jpg', '/CardPic/creditback.jpg', 'pending'),
(200005, 1000009, 1114445555, 7, 2013, 222, 'ming', 'xiao', 'visa', '111 s st.', '', 'Jersey City', 'NJ', '07307', 'United States', '/CardPic/credit.jpg', '/CardPic/creditback.jpg', 'pending'),
(200006, 1000010, 1111111111, 12, 2013, 111, 'sss', 'sssss', 'visa', '101 Paterson St.', '', 'Jersey City', 'NJ', '07307', 'United States', '/CardPic/credit.jpg', '/CardPic/creditback.jpg', 'pending'),
(200007, 1000011, 1234567890, 11, 2013, 111, 'Mikeabc', 'Shi', 'visa', '101 Paterson St.', '', 'Jersey City', 'NJ', '07307', 'United States', '/CardPic/credit.jpg', '/CardPic/creditback.jpg', 'pending'),
(200008, 1000012, 56464, 2, 2013, 416, 'mikecba', 'bcb', 'visa', '1233', '123 ave', 'city', 'china', '12245', 'usa', '/CardPic/credit.jpg', '/CardPic/creditback.jpg', 'pending'),
(200009, 1000013, 1111111111111111, 11, 2018, 345, 'wei', 'fang', 'visa', '116 bleecker st', 'ground floor', 'jersey city', 'NY', '07307', 'United States', '/CardPic/credit.jpg', '/CardPic/creditback.jpg', 'pending'),
(200010, 1000014, 1234567890, 10, 2013, 333, 'ssfsd', 'dfdsf', 'visa', '101 Paterson St.', '', 'Jersey City', 'NJ', '07307', 'United States', '/CardPic/credit.jpg', '/CardPic/creditback.jpg', 'pending'),
(200011, 1000015, 8888888888888888, 4, 2001, 444, 'test', 'li', 'visa', '113 bleecker street', '', 'jersey city', 'nj', '07030', 'us', '/CardPic/credit.jpg', '/CardPic/creditback.jpg', 'pending');

-- --------------------------------------------------------

--
-- Table structure for table `issueinfo`
--

CREATE TABLE IF NOT EXISTS `issueinfo` (
  `issue_id` int(10) NOT NULL AUTO_INCREMENT,
  `mag_id` int(10) NOT NULL,
  `issue_week` int(2) NOT NULL,
  `issue_month` int(2) NOT NULL,
  `issue_year` int(4) NOT NULL,
  `received_date` date NOT NULL DEFAULT '2000-01-01',
  `status` varchar(30) NOT NULL,
  `user_id` int(10) NOT NULL,
  `order_mag_id` int(10) NOT NULL,
  `issue_date` date NOT NULL,
  PRIMARY KEY (`issue_id`),
  KEY `mag_id` (`mag_id`),
  KEY `user_id` (`user_id`),
  KEY `order_mag_id` (`order_mag_id`)
) ENGINE=InnoDB  DEFAULT CHARSET=latin1 AUTO_INCREMENT=609 ;

--
-- Dumping data for table `issueinfo`
--

INSERT INTO `issueinfo` (`issue_id`, `mag_id`, `issue_week`, `issue_month`, `issue_year`, `received_date`, `status`, `user_id`, `order_mag_id`, `issue_date`) VALUES
(381, 20, 1, 8, 2012, '2012-08-01', 'received', 1000007, 1, '2012-08-01'),
(382, 22, 2, 8, 2012, '2012-08-01', 'received', 1000007, 2, '2012-08-01'),
(383, 22, 2, 9, 2012, '2012-07-23', 'received', 1000007, 2, '2012-09-01'),
(384, 22, 2, 10, 2012, '2000-01-01', 'waiting', 1000007, 2, '2012-10-01'),
(385, 23, 1, 8, 2012, '2012-08-01', 'received', 1000007, 3, '2012-08-01'),
(386, 23, 2, 8, 2012, '2012-08-01', 'received', 1000007, 3, '2012-08-08'),
(387, 23, 3, 8, 2012, '2012-07-23', 'received', 1000007, 3, '2012-08-15'),
(388, 23, 4, 8, 2012, '2012-07-23', 'received', 1000007, 3, '2012-08-22'),
(389, 23, 1, 9, 2012, '2012-07-23', 'received', 1000007, 3, '2012-09-01'),
(390, 23, 2, 9, 2012, '2012-07-23', 'received', 1000007, 3, '2012-09-08'),
(391, 23, 3, 9, 2012, '2000-01-01', 'waiting', 1000007, 3, '2012-09-15'),
(392, 23, 4, 9, 2012, '2000-01-01', 'waiting', 1000007, 3, '2012-09-22'),
(393, 23, 1, 10, 2012, '2000-01-01', 'waiting', 1000007, 3, '2012-10-01'),
(394, 23, 2, 10, 2012, '2000-01-01', 'waiting', 1000007, 3, '2012-10-08'),
(395, 23, 3, 10, 2012, '2000-01-01', 'waiting', 1000007, 3, '2012-10-15'),
(396, 23, 4, 10, 2012, '2000-01-01', 'waiting', 1000007, 3, '2012-10-22'),
(397, 24, 5, 8, 2012, '2012-08-01', 'received', 1000007, 4, '2012-08-01'),
(398, 24, 5, 9, 2012, '2012-07-23', 'received', 1000007, 4, '2012-09-01'),
(399, 24, 5, 10, 2012, '2000-01-01', 'waiting', 1000007, 4, '2012-10-01'),
(400, 20, 1, 9, 2012, '2012-07-23', 'received', 1000007, 5, '2012-09-01'),
(401, 20, 2, 9, 2012, '2000-01-01', 'waiting', 1000007, 5, '2012-09-08'),
(402, 20, 3, 9, 2012, '2000-01-01', 'waiting', 1000007, 5, '2012-09-15'),
(403, 20, 4, 9, 2012, '2000-01-01', 'waiting', 1000007, 5, '2012-09-22'),
(404, 20, 1, 10, 2012, '2000-01-01', 'waiting', 1000007, 5, '2012-10-01'),
(405, 20, 2, 10, 2012, '2000-01-01', 'waiting', 1000007, 5, '2012-10-08'),
(406, 20, 3, 10, 2012, '2000-01-01', 'waiting', 1000007, 5, '2012-10-15'),
(407, 20, 4, 10, 2012, '2000-01-01', 'waiting', 1000007, 5, '2012-10-22'),
(408, 20, 1, 11, 2012, '2000-01-01', 'waiting', 1000007, 5, '2012-11-01'),
(409, 20, 2, 11, 2012, '2000-01-01', 'waiting', 1000007, 5, '2012-11-08'),
(410, 20, 3, 11, 2012, '2000-01-01', 'waiting', 1000007, 5, '2012-11-15'),
(411, 20, 4, 11, 2012, '2000-01-01', 'waiting', 1000007, 5, '2012-11-22'),
(412, 28, 1, 9, 2012, '2012-07-23', 'received', 1000007, 7, '2012-09-01'),
(413, 20, 1, 8, 2012, '2012-08-01', 'received', 1000007, 9, '2012-08-01'),
(414, 22, 0, 8, 2012, '2012-08-01', 'received', 1000007, 10, '2012-08-01'),
(415, 22, 0, 9, 2012, '2000-01-01', 'waiting', 1000007, 10, '2012-09-01'),
(416, 22, 0, 10, 2012, '2000-01-01', 'waiting', 1000007, 10, '2012-10-01'),
(417, 22, 0, 8, 2012, '2012-08-01', 'received', 1000007, 11, '2012-08-01'),
(418, 22, 0, 8, 2012, '2012-08-01', 'received', 1000007, 13, '2012-08-01'),
(419, 24, 0, 8, 2012, '2012-08-01', 'received', 1000007, 14, '2012-08-01'),
(420, 24, 0, 9, 2012, '2000-01-01', 'waiting', 1000007, 14, '2012-09-01'),
(421, 24, 0, 10, 2012, '2000-01-01', 'waiting', 1000007, 14, '2012-10-01'),
(422, 25, 1, 8, 2012, '2012-08-01', 'received', 1000007, 15, '2012-08-01'),
(423, 25, 2, 8, 2012, '2012-08-01', 'received', 1000007, 15, '2012-08-08'),
(424, 25, 3, 8, 2012, '2000-01-01', 'waiting', 1000007, 15, '2012-08-15'),
(425, 25, 4, 8, 2012, '2000-01-01', 'waiting', 1000007, 15, '2012-08-22'),
(426, 25, 1, 9, 2012, '2000-01-01', 'waiting', 1000007, 15, '2012-09-01'),
(427, 25, 2, 9, 2012, '2000-01-01', 'waiting', 1000007, 15, '2012-09-08'),
(428, 25, 3, 9, 2012, '2000-01-01', 'waiting', 1000007, 15, '2012-09-15'),
(429, 25, 4, 9, 2012, '2000-01-01', 'waiting', 1000007, 15, '2012-09-22'),
(430, 25, 1, 10, 2012, '2000-01-01', 'waiting', 1000007, 15, '2012-10-01'),
(431, 25, 2, 10, 2012, '2000-01-01', 'waiting', 1000007, 15, '2012-10-08'),
(432, 25, 3, 10, 2012, '2000-01-01', 'waiting', 1000007, 15, '2012-10-15'),
(433, 25, 4, 10, 2012, '2000-01-01', 'waiting', 1000007, 15, '2012-10-22'),
(434, 20, 1, 8, 2012, '2012-08-01', 'received', 1000007, 16, '2012-08-01'),
(435, 20, 1, 8, 2012, '2012-09-01', 'received', 1000007, 17, '2012-08-01'),
(436, 22, 0, 8, 2012, '2012-09-01', 'received', 1000007, 18, '2012-08-01'),
(437, 22, 0, 9, 2012, '2012-09-01', 'received', 1000007, 18, '2012-09-01'),
(438, 22, 0, 10, 2012, '2000-01-01', 'waiting', 1000007, 18, '2012-10-01'),
(439, 23, 1, 8, 2012, '2012-09-01', 'received', 1000007, 22, '2012-08-01'),
(440, 23, 2, 8, 2012, '2012-09-01', 'received', 1000007, 22, '2012-08-08'),
(441, 23, 3, 8, 2012, '2012-09-01', 'received', 1000007, 22, '2012-08-15'),
(442, 23, 4, 8, 2012, '2012-09-01', 'received', 1000007, 22, '2012-08-22'),
(443, 23, 1, 9, 2012, '2012-09-01', 'received', 1000007, 22, '2012-09-01'),
(444, 23, 2, 9, 2012, '2000-01-01', 'waiting', 1000007, 22, '2012-09-08'),
(445, 23, 3, 9, 2012, '2000-01-01', 'waiting', 1000007, 22, '2012-09-15'),
(446, 23, 4, 9, 2012, '2000-01-01', 'waiting', 1000007, 22, '2012-09-22'),
(447, 23, 1, 10, 2012, '2000-01-01', 'waiting', 1000007, 22, '2012-10-01'),
(448, 23, 2, 10, 2012, '2000-01-01', 'waiting', 1000007, 22, '2012-10-08'),
(449, 23, 3, 10, 2012, '2000-01-01', 'waiting', 1000007, 22, '2012-10-15'),
(450, 23, 4, 10, 2012, '2000-01-01', 'waiting', 1000007, 22, '2012-10-22'),
(451, 23, 1, 8, 2012, '2012-09-01', 'received', 1000007, 19, '2012-08-01'),
(452, 23, 2, 8, 2012, '2012-09-01', 'received', 1000007, 19, '2012-08-08'),
(453, 23, 3, 8, 2012, '2012-09-01', 'received', 1000007, 19, '2012-08-15'),
(454, 23, 4, 8, 2012, '2012-09-01', 'received', 1000007, 19, '2012-08-22'),
(455, 23, 1, 9, 2012, '2012-09-01', 'received', 1000007, 19, '2012-09-01'),
(456, 23, 2, 9, 2012, '2012-09-01', 'received', 1000007, 19, '2012-09-08'),
(457, 23, 3, 9, 2012, '2012-09-01', 'received', 1000007, 19, '2012-09-15'),
(458, 23, 4, 9, 2012, '2012-09-01', 'received', 1000007, 19, '2012-09-22'),
(459, 23, 1, 10, 2012, '2000-01-01', 'waiting', 1000007, 19, '2012-10-01'),
(460, 23, 2, 10, 2012, '2000-01-01', 'waiting', 1000007, 19, '2012-10-08'),
(461, 23, 3, 10, 2012, '2000-01-01', 'waiting', 1000007, 19, '2012-10-15'),
(462, 23, 4, 10, 2012, '2000-01-01', 'waiting', 1000007, 19, '2012-10-22'),
(463, 23, 1, 11, 2012, '2000-01-01', 'waiting', 1000007, 19, '2012-11-01'),
(464, 23, 2, 11, 2012, '2000-01-01', 'waiting', 1000007, 19, '2012-11-08'),
(465, 23, 3, 11, 2012, '2000-01-01', 'waiting', 1000007, 19, '2012-11-15'),
(466, 23, 4, 11, 2012, '2000-01-01', 'waiting', 1000007, 19, '2012-11-22'),
(467, 23, 1, 12, 2012, '2000-01-01', 'waiting', 1000007, 19, '2012-12-01'),
(468, 23, 2, 12, 2012, '2000-01-01', 'waiting', 1000007, 19, '2012-12-08'),
(469, 23, 3, 12, 2012, '2000-01-01', 'waiting', 1000007, 19, '2012-12-15'),
(470, 23, 4, 12, 2012, '2000-01-01', 'waiting', 1000007, 19, '2012-12-22'),
(471, 23, 1, 1, 2013, '2000-01-01', 'waiting', 1000007, 19, '2013-01-01'),
(472, 23, 2, 1, 2013, '2000-01-01', 'waiting', 1000007, 19, '2013-01-08'),
(473, 23, 3, 1, 2013, '2000-01-01', 'waiting', 1000007, 19, '2013-01-15'),
(474, 23, 4, 1, 2013, '2000-01-01', 'waiting', 1000007, 19, '2013-01-22'),
(475, 23, 1, 2, 2013, '2000-01-01', 'waiting', 1000007, 19, '2013-02-01'),
(476, 23, 2, 2, 2013, '2000-01-01', 'waiting', 1000007, 19, '2013-02-08'),
(477, 23, 3, 2, 2013, '2000-01-01', 'waiting', 1000007, 19, '2013-02-15'),
(478, 23, 4, 2, 2013, '2000-01-01', 'waiting', 1000007, 19, '2013-02-22'),
(479, 23, 1, 3, 2013, '2000-01-01', 'waiting', 1000007, 19, '2013-03-01'),
(480, 23, 2, 3, 2013, '2000-01-01', 'waiting', 1000007, 19, '2013-03-08'),
(481, 23, 3, 3, 2013, '2000-01-01', 'waiting', 1000007, 19, '2013-03-15'),
(482, 23, 4, 3, 2013, '2000-01-01', 'waiting', 1000007, 19, '2013-03-22'),
(483, 23, 1, 4, 2013, '2000-01-01', 'waiting', 1000007, 19, '2013-04-01'),
(484, 23, 2, 4, 2013, '2000-01-01', 'waiting', 1000007, 19, '2013-04-08'),
(485, 23, 3, 4, 2013, '2000-01-01', 'waiting', 1000007, 19, '2013-04-15'),
(486, 23, 4, 4, 2013, '2000-01-01', 'waiting', 1000007, 19, '2013-04-22'),
(487, 25, 1, 8, 2012, '2012-09-01', 'received', 1000007, 20, '2012-08-01'),
(488, 25, 2, 8, 2012, '2012-09-01', 'received', 1000007, 20, '2012-08-08'),
(489, 25, 3, 8, 2012, '2012-09-01', 'received', 1000007, 20, '2012-08-15'),
(490, 25, 4, 8, 2012, '2012-09-01', 'received', 1000007, 20, '2012-08-22'),
(491, 25, 1, 9, 2012, '2012-09-01', 'received', 1000007, 20, '2012-09-01'),
(492, 25, 2, 9, 2012, '2000-01-01', 'waiting', 1000007, 20, '2012-09-08'),
(493, 25, 3, 9, 2012, '2000-01-01', 'waiting', 1000007, 20, '2012-09-15'),
(494, 25, 4, 9, 2012, '2000-01-01', 'waiting', 1000007, 20, '2012-09-22'),
(495, 25, 1, 10, 2012, '2000-01-01', 'waiting', 1000007, 20, '2012-10-01'),
(496, 25, 2, 10, 2012, '2000-01-01', 'waiting', 1000007, 20, '2012-10-08'),
(497, 25, 3, 10, 2012, '2000-01-01', 'waiting', 1000007, 20, '2012-10-15'),
(498, 25, 4, 10, 2012, '2000-01-01', 'waiting', 1000007, 20, '2012-10-22'),
(499, 25, 1, 11, 2012, '2000-01-01', 'waiting', 1000007, 20, '2012-11-01'),
(500, 25, 2, 11, 2012, '2000-01-01', 'waiting', 1000007, 20, '2012-11-08'),
(501, 25, 3, 11, 2012, '2000-01-01', 'waiting', 1000007, 20, '2012-11-15'),
(502, 25, 4, 11, 2012, '2000-01-01', 'waiting', 1000007, 20, '2012-11-22'),
(503, 25, 1, 12, 2012, '2000-01-01', 'waiting', 1000007, 20, '2012-12-01'),
(504, 25, 2, 12, 2012, '2000-01-01', 'waiting', 1000007, 20, '2012-12-08'),
(505, 25, 3, 12, 2012, '2000-01-01', 'waiting', 1000007, 20, '2012-12-15'),
(506, 25, 4, 12, 2012, '2000-01-01', 'waiting', 1000007, 20, '2012-12-22'),
(507, 25, 1, 1, 2013, '2000-01-01', 'waiting', 1000007, 20, '2013-01-01'),
(508, 25, 2, 1, 2013, '2000-01-01', 'waiting', 1000007, 20, '2013-01-08'),
(509, 25, 3, 1, 2013, '2000-01-01', 'waiting', 1000007, 20, '2013-01-15'),
(510, 25, 4, 1, 2013, '2000-01-01', 'waiting', 1000007, 20, '2013-01-22'),
(511, 25, 1, 2, 2013, '2000-01-01', 'waiting', 1000007, 20, '2013-02-01'),
(512, 25, 2, 2, 2013, '2000-01-01', 'waiting', 1000007, 20, '2013-02-08'),
(513, 25, 3, 2, 2013, '2000-01-01', 'waiting', 1000007, 20, '2013-02-15'),
(514, 25, 4, 2, 2013, '2000-01-01', 'waiting', 1000007, 20, '2013-02-22'),
(515, 25, 1, 3, 2013, '2000-01-01', 'waiting', 1000007, 20, '2013-03-01'),
(516, 25, 2, 3, 2013, '2000-01-01', 'waiting', 1000007, 20, '2013-03-08'),
(517, 25, 3, 3, 2013, '2000-01-01', 'waiting', 1000007, 20, '2013-03-15'),
(518, 25, 4, 3, 2013, '2000-01-01', 'waiting', 1000007, 20, '2013-03-22'),
(519, 25, 1, 4, 2013, '2000-01-01', 'waiting', 1000007, 20, '2013-04-01'),
(520, 25, 2, 4, 2013, '2000-01-01', 'waiting', 1000007, 20, '2013-04-08'),
(521, 25, 3, 4, 2013, '2000-01-01', 'waiting', 1000007, 20, '2013-04-15'),
(522, 25, 4, 4, 2013, '2000-01-01', 'waiting', 1000007, 20, '2013-04-22'),
(523, 20, 1, 8, 2012, '2000-01-01', 'waiting', 1000007, 21, '2012-08-01'),
(524, 20, 1, 8, 2012, '2012-09-01', 'received', 1000007, 23, '2012-08-01'),
(525, 20, 2, 8, 2012, '2012-09-01', 'received', 1000007, 23, '2012-08-08'),
(526, 20, 3, 8, 2012, '2012-09-01', 'received', 1000007, 23, '2012-08-15'),
(527, 20, 4, 8, 2012, '2012-09-01', 'received', 1000007, 23, '2012-08-22'),
(528, 20, 1, 9, 2012, '2012-09-01', 'received', 1000007, 23, '2012-09-01'),
(529, 20, 2, 9, 2012, '2000-01-01', 'waiting', 1000007, 23, '2012-09-08'),
(530, 20, 3, 9, 2012, '2000-01-01', 'waiting', 1000007, 23, '2012-09-15'),
(531, 20, 4, 9, 2012, '2000-01-01', 'waiting', 1000007, 23, '2012-09-22'),
(532, 20, 1, 10, 2012, '2000-01-01', 'waiting', 1000007, 23, '2012-10-01'),
(533, 20, 2, 10, 2012, '2000-01-01', 'waiting', 1000007, 23, '2012-10-08'),
(534, 20, 3, 10, 2012, '2000-01-01', 'waiting', 1000007, 23, '2012-10-15'),
(535, 20, 4, 10, 2012, '2000-01-01', 'waiting', 1000007, 23, '2012-10-22'),
(536, 20, 1, 11, 2012, '2000-01-01', 'waiting', 1000007, 23, '2012-11-01'),
(537, 20, 2, 11, 2012, '2000-01-01', 'waiting', 1000007, 23, '2012-11-08'),
(538, 20, 3, 11, 2012, '2000-01-01', 'waiting', 1000007, 23, '2012-11-15'),
(539, 20, 4, 11, 2012, '2000-01-01', 'waiting', 1000007, 23, '2012-11-22'),
(540, 20, 1, 12, 2012, '2000-01-01', 'waiting', 1000007, 23, '2012-12-01'),
(541, 20, 2, 12, 2012, '2000-01-01', 'waiting', 1000007, 23, '2012-12-08'),
(542, 20, 3, 12, 2012, '2000-01-01', 'waiting', 1000007, 23, '2012-12-15'),
(543, 20, 4, 12, 2012, '2000-01-01', 'waiting', 1000007, 23, '2012-12-22'),
(544, 20, 1, 1, 2013, '2000-01-01', 'waiting', 1000007, 23, '2013-01-01'),
(545, 20, 2, 1, 2013, '2000-01-01', 'waiting', 1000007, 23, '2013-01-08'),
(546, 20, 3, 1, 2013, '2000-01-01', 'waiting', 1000007, 23, '2013-01-15'),
(547, 20, 4, 1, 2013, '2000-01-01', 'waiting', 1000007, 23, '2013-01-22'),
(548, 20, 1, 6, 2013, '2000-01-01', 'waiting', 1000013, 33, '2013-06-01'),
(549, 20, 2, 6, 2013, '2000-01-01', 'waiting', 1000013, 33, '2013-06-08'),
(550, 20, 3, 6, 2013, '2000-01-01', 'waiting', 1000013, 33, '2013-06-15'),
(551, 20, 4, 6, 2013, '2000-01-01', 'waiting', 1000013, 33, '2013-06-22'),
(552, 20, 1, 7, 2013, '2000-01-01', 'waiting', 1000013, 33, '2013-07-01'),
(553, 20, 2, 7, 2013, '2000-01-01', 'waiting', 1000013, 33, '2013-07-08'),
(554, 20, 3, 7, 2013, '2000-01-01', 'waiting', 1000013, 33, '2013-07-15'),
(555, 20, 4, 7, 2013, '2000-01-01', 'waiting', 1000013, 33, '2013-07-22'),
(556, 20, 1, 8, 2013, '2000-01-01', 'waiting', 1000013, 33, '2013-08-01'),
(557, 20, 2, 8, 2013, '2000-01-01', 'waiting', 1000013, 33, '2013-08-08'),
(558, 20, 3, 8, 2013, '2000-01-01', 'waiting', 1000013, 33, '2013-08-15'),
(559, 20, 4, 8, 2013, '2000-01-01', 'waiting', 1000013, 33, '2013-08-22'),
(560, 20, 1, 9, 2013, '2000-01-01', 'waiting', 1000013, 33, '2013-09-01'),
(561, 20, 2, 9, 2013, '2000-01-01', 'waiting', 1000013, 33, '2013-09-08'),
(562, 20, 3, 9, 2013, '2000-01-01', 'waiting', 1000013, 33, '2013-09-15'),
(563, 20, 4, 9, 2013, '2000-01-01', 'waiting', 1000013, 33, '2013-09-22'),
(564, 20, 1, 10, 2013, '2000-01-01', 'waiting', 1000013, 33, '2013-10-01'),
(565, 20, 2, 10, 2013, '2000-01-01', 'waiting', 1000013, 33, '2013-10-08'),
(566, 20, 3, 10, 2013, '2000-01-01', 'waiting', 1000013, 33, '2013-10-15'),
(567, 20, 4, 10, 2013, '2000-01-01', 'waiting', 1000013, 33, '2013-10-22'),
(568, 20, 1, 11, 2013, '2000-01-01', 'waiting', 1000013, 33, '2013-11-01'),
(569, 20, 2, 11, 2013, '2000-01-01', 'waiting', 1000013, 33, '2013-11-08'),
(570, 20, 3, 11, 2013, '2000-01-01', 'waiting', 1000013, 33, '2013-11-15'),
(571, 20, 4, 11, 2013, '2000-01-01', 'waiting', 1000013, 33, '2013-11-22'),
(572, 20, 1, 12, 2013, '2000-01-01', 'waiting', 1000013, 33, '2013-12-01'),
(573, 20, 2, 12, 2013, '2000-01-01', 'waiting', 1000013, 33, '2013-12-08'),
(574, 20, 3, 12, 2013, '2000-01-01', 'waiting', 1000013, 33, '2013-12-15'),
(575, 20, 4, 12, 2013, '2000-01-01', 'waiting', 1000013, 33, '2013-12-22'),
(576, 20, 1, 1, 2014, '2000-01-01', 'waiting', 1000013, 33, '2014-01-01'),
(577, 20, 2, 1, 2014, '2000-01-01', 'waiting', 1000013, 33, '2014-01-08'),
(578, 20, 3, 1, 2014, '2000-01-01', 'waiting', 1000013, 33, '2014-01-15'),
(579, 20, 4, 1, 2014, '2000-01-01', 'waiting', 1000013, 33, '2014-01-22'),
(580, 20, 1, 2, 2014, '2000-01-01', 'waiting', 1000013, 33, '2014-02-01'),
(581, 20, 2, 2, 2014, '2000-01-01', 'waiting', 1000013, 33, '2014-02-08'),
(582, 20, 3, 2, 2014, '2000-01-01', 'waiting', 1000013, 33, '2014-02-15'),
(583, 20, 4, 2, 2014, '2000-01-01', 'waiting', 1000013, 33, '2014-02-22'),
(584, 20, 1, 3, 2014, '2000-01-01', 'waiting', 1000013, 33, '2014-03-01'),
(585, 20, 2, 3, 2014, '2000-01-01', 'waiting', 1000013, 33, '2014-03-08'),
(586, 20, 3, 3, 2014, '2000-01-01', 'waiting', 1000013, 33, '2014-03-15'),
(587, 20, 4, 3, 2014, '2000-01-01', 'waiting', 1000013, 33, '2014-03-22'),
(588, 20, 1, 4, 2014, '2000-01-01', 'waiting', 1000013, 33, '2014-04-01'),
(589, 20, 2, 4, 2014, '2000-01-01', 'waiting', 1000013, 33, '2014-04-08'),
(590, 20, 3, 4, 2014, '2000-01-01', 'waiting', 1000013, 33, '2014-04-15'),
(591, 20, 4, 4, 2014, '2000-01-01', 'waiting', 1000013, 33, '2014-04-22'),
(592, 20, 1, 5, 2014, '2000-01-01', 'waiting', 1000013, 33, '2014-05-01'),
(593, 20, 2, 5, 2014, '2000-01-01', 'waiting', 1000013, 33, '2014-05-08'),
(594, 20, 3, 5, 2014, '2000-01-01', 'waiting', 1000013, 33, '2014-05-15'),
(595, 20, 4, 5, 2014, '2000-01-01', 'waiting', 1000013, 33, '2014-05-22'),
(596, 20, 1, 10, 2012, '2000-01-01', 'waiting', 1000007, 32, '2012-10-01'),
(597, 25, 1, 8, 2012, '2000-01-01', 'waiting', 1000007, 29, '2012-08-01'),
(598, 25, 2, 8, 2012, '2000-01-01', 'waiting', 1000007, 29, '2012-08-08'),
(599, 25, 3, 8, 2012, '2000-01-01', 'waiting', 1000007, 29, '2012-08-15'),
(600, 25, 4, 8, 2012, '2000-01-01', 'waiting', 1000007, 29, '2012-08-22'),
(601, 25, 1, 9, 2012, '2000-01-01', 'waiting', 1000007, 29, '2012-09-01'),
(602, 25, 2, 9, 2012, '2000-01-01', 'waiting', 1000007, 29, '2012-09-08'),
(603, 25, 3, 9, 2012, '2000-01-01', 'waiting', 1000007, 29, '2012-09-15'),
(604, 25, 4, 9, 2012, '2000-01-01', 'waiting', 1000007, 29, '2012-09-22'),
(605, 25, 1, 10, 2012, '2000-01-01', 'waiting', 1000007, 29, '2012-10-01'),
(606, 25, 2, 10, 2012, '2000-01-01', 'waiting', 1000007, 29, '2012-10-08'),
(607, 25, 3, 10, 2012, '2000-01-01', 'waiting', 1000007, 29, '2012-10-15'),
(608, 25, 4, 10, 2012, '2000-01-01', 'waiting', 1000007, 29, '2012-10-22');

-- --------------------------------------------------------

--
-- Table structure for table `magazineinfo`
--

CREATE TABLE IF NOT EXISTS `magazineinfo` (
  `mag_id` int(10) NOT NULL AUTO_INCREMENT,
  `mag_name` varchar(20) NOT NULL,
  `category` varchar(20) NOT NULL,
  `price_per_issue` varchar(20) NOT NULL,
  `weight_per_issue` varchar(5) NOT NULL,
  `cover_pic` varchar(50) NOT NULL,
  `description` varchar(500) NOT NULL,
  `issue_per_month` int(10) NOT NULL,
  `status` varchar(50) NOT NULL,
  `price_three_months` varchar(20) NOT NULL,
  `price_six_months` varchar(20) NOT NULL,
  `price_nine_months` varchar(20) NOT NULL,
  `price_twelve_months` varchar(20) NOT NULL,
  PRIMARY KEY (`mag_id`)
) ENGINE=InnoDB  DEFAULT CHARSET=latin1 AUTO_INCREMENT=31 ;

--
-- Dumping data for table `magazineinfo`
--

INSERT INTO `magazineinfo` (`mag_id`, `mag_name`, `category`, `price_per_issue`, `weight_per_issue`, `cover_pic`, `description`, `issue_per_month`, `status`, `price_three_months`, `price_six_months`, `price_nine_months`, `price_twelve_months`) VALUES
(20, 'Time Magazine', 'Business & Finance', '2', '0.5', 'images/magazines/Time.jpg', 'Time is the world''s largest circulation weekly news magazine with a readership of 25 million, of which 20 million are in the US.', 4, 'in stock', '20', '30', '40', '45'),
(22, 'TV GUIDE MAGAZINE', 'Business & Finance', '23', '1.5', 'images/magazines/TvGuide.jpg', 'TV Guide magazine is now full-size & full-color for people who are passionate about their favorite shows, characters & stars. TV Guide now includes an easier-to-use national listings section with more highlights & reviews. TV Guide publishes 19 double issues a year that count as 2 regular issues.', 1, 'in stock', '40', '50', '60', '70'),
(23, 'MEN''S HEALTH', 'Men''s', '1.5', '1.1', 'images/magazines/menhealth.jpg', 'Men''s Health magazine offers information to help men look good, feel great and take control of their lives. Each issue of Men''s Health magazine features articles on fitness, health, career, relationships, nutrition, sex and general interests.', 4, 'in stock', '25', '40', '55', '70'),
(24, 'SLAM', 'Business & Finance', '9.9', '1', 'images/magazines/slam.jpg', 'Slam magazine is written for basketball players, fans and enthusiasts ages of 14 to 24. Slam magazine cover pro, college, high school and playground basketball and features player profiles and interviews, basketball fashions and lifestyles.', 1, 'in stock', '30', '50', '70', '90'),
(25, 'Instyle', 'Women''s', '2.6', '1.2', 'images/magazines/Instyle.jpg', 'InStyle magazine celebrates the private side of public faces, revealing the personal style choices of the world''s most fascinating people. InStyle magazine is a trusted source for the latest trends in beauty, fashion, home entertaining and much more.', 4, 'in stock', '10', '15', '20', '25'),
(28, 'NEWSWEEK', 'Business & Finance', '4', '0.7', 'images/magazines/Newsweek.jpg', 'Newsweek magazine brings readers the latest news of the world. Newsweek magazine has a heavy emphasis on political, business and international news stories with some lighter stories included each week.', 4, 'in stock', '15', '20', '25', '30'),
(29, 'THE ECONOMIST', 'Business & Finance', '18.8', '1.2', 'images/magazines/the Economist.jpg', 'The Economist is a global weekly magazine. Each issue of The Economist explores domestic and international issues, business, finance, current affairs, science, technology and the arts.', 1, 'in stock', '35', '50', '65', '80'),
(30, 'Forbes', 'Business & Finance', '200', '1.5', 'images/magazines/Forbes.jpg', 'Forbes magazine provides the most recent news about trends and developments in global business, financial markets and personal finance. Forbes magazine is known for its lists like the "200 Best Small Companies" and "100 Top Celebrities."', 1, 'in stock', '0', '0', '0', '0');

-- --------------------------------------------------------

--
-- Table structure for table `mag_review`
--

CREATE TABLE IF NOT EXISTS `mag_review` (
  `review_id` int(10) NOT NULL AUTO_INCREMENT,
  `mag_id` int(10) NOT NULL,
  `rate` varchar(10) NOT NULL,
  `review` varchar(200) NOT NULL,
  PRIMARY KEY (`review_id`)
) ENGINE=InnoDB  DEFAULT CHARSET=latin1 AUTO_INCREMENT=2 ;

--
-- Dumping data for table `mag_review`
--

INSERT INTO `mag_review` (`review_id`, `mag_id`, `rate`, `review`) VALUES
(1, 23, '4', 'asdasd');

-- --------------------------------------------------------

--
-- Table structure for table `order`
--

CREATE TABLE IF NOT EXISTS `order` (
  `order_id` int(10) NOT NULL AUTO_INCREMENT,
  `user_id` int(10) NOT NULL,
  `payment_id` int(10) NOT NULL,
  `start_date` date NOT NULL,
  `status` varchar(18) NOT NULL,
  `address_id` int(10) NOT NULL,
  PRIMARY KEY (`order_id`),
  KEY `user_id` (`user_id`),
  KEY `payment_id` (`payment_id`)
) ENGINE=InnoDB  DEFAULT CHARSET=latin1 AUTO_INCREMENT=80 ;

--
-- Dumping data for table `order`
--

INSERT INTO `order` (`order_id`, `user_id`, `payment_id`, `start_date`, `status`, `address_id`) VALUES
(74, 1000007, 142, '2012-07-27', 'Subscribed', 107310),
(75, 1000007, 143, '2012-07-27', 'Subscribed', 107310),
(76, 1000007, 144, '2012-09-10', 'Subscribed', 107310),
(77, 1000013, 145, '2013-05-02', 'Subscribed', 107315),
(78, 1000013, 146, '2013-05-03', 'pending', 107315),
(79, 1000013, 147, '2013-05-20', 'pending', 107315);

-- --------------------------------------------------------

--
-- Table structure for table `order_magazineinfo`
--

CREATE TABLE IF NOT EXISTS `order_magazineinfo` (
  `order_mag_id` int(10) NOT NULL AUTO_INCREMENT COMMENT 'identify every item in an order',
  `quantity` int(10) NOT NULL,
  `mag_id` int(10) NOT NULL,
  `order_id` int(10) NOT NULL,
  `subscribe_date` date NOT NULL,
  `number_of_issue` int(10) NOT NULL,
  `price` float NOT NULL,
  `shipping_period` varchar(10) NOT NULL DEFAULT '1',
  `order_period` varchar(50) NOT NULL,
  `end_date` date NOT NULL,
  PRIMARY KEY (`order_mag_id`),
  KEY `order_id` (`order_id`),
  KEY `mag_id` (`mag_id`)
) ENGINE=InnoDB  DEFAULT CHARSET=latin1 AUTO_INCREMENT=36 ;

--
-- Dumping data for table `order_magazineinfo`
--

INSERT INTO `order_magazineinfo` (`order_mag_id`, `quantity`, `mag_id`, `order_id`, `subscribe_date`, `number_of_issue`, `price`, `shipping_period`, `order_period`, `end_date`) VALUES
(29, 1, 25, 74, '2012-07-27', 4, 10, '1', '3 months', '2012-11-02'),
(30, 1, 22, 75, '2012-07-27', 1, 23, '3', '1 issue', '2012-08-10'),
(31, 1, 24, 75, '2012-07-27', 1, 9.9, '3', '1 issue', '2012-08-10'),
(32, 1, 20, 76, '2012-09-10', 4, 2, '1', '1 issue', '2012-09-24'),
(33, 1, 20, 77, '2013-05-02', 4, 45, '2', '12 months', '2014-04-17'),
(34, 1, 20, 78, '2013-05-03', 4, 45, '4', '12 months', '2014-04-18'),
(35, 1, 20, 79, '2013-05-20', 4, 45, '5', '12 months', '2014-05-05');

-- --------------------------------------------------------

--
-- Table structure for table `paymentinfo`
--

CREATE TABLE IF NOT EXISTS `paymentinfo` (
  `payment_id` int(10) NOT NULL AUTO_INCREMENT,
  `creditcard_id` int(10) NOT NULL,
  `date` date NOT NULL,
  `amount` float NOT NULL,
  `status` varchar(15) NOT NULL,
  `ordertype` varchar(18) NOT NULL,
  PRIMARY KEY (`payment_id`),
  KEY `creditcard_id` (`creditcard_id`)
) ENGINE=InnoDB  DEFAULT CHARSET=latin1 AUTO_INCREMENT=148 ;

--
-- Dumping data for table `paymentinfo`
--

INSERT INTO `paymentinfo` (`payment_id`, `creditcard_id`, `date`, `amount`, `status`, `ordertype`) VALUES
(80, 200004, '2012-07-23', 97, 'charged', 'MagazineOrder'),
(87, 200004, '2012-08-01', 20, 'charged', 'MagazineOrder'),
(89, 200004, '2012-08-01', 12, 'charged', 'MagazineOrder'),
(92, 200004, '2012-09-01', 88, 'charged', 'ShippingOrder'),
(98, 200004, '2012-07-23', 2, 'pending', 'MagazineOrder'),
(99, 200004, '2012-07-23', 2, 'charged', 'MagazineOrder'),
(100, 200004, '2012-07-23', 40, 'charged', 'MagazineOrder'),
(101, 200004, '2012-07-23', 23, 'charged', 'MagazineOrder'),
(103, 200004, '2012-07-24', 23, 'charged', 'MagazineOrder'),
(104, 200004, '2012-07-24', 40, 'charged', 'MagazineOrder'),
(105, 200004, '2012-07-24', 2, 'charged', 'MagazineOrder'),
(113, 200004, '2012-08-01', 0, 'charged', 'ShippingOrder'),
(120, 200004, '2012-07-24', 2, 'charged', 'MagazineOrder'),
(121, 200004, '2012-07-24', 40, 'charged', 'MagazineOrder'),
(125, 200004, '2012-08-01', 0, 'pending', 'ShippingOrder'),
(126, 200004, '2012-07-24', 75, 'charged', 'MagazineOrder'),
(127, 200004, '2012-07-24', 2, 'charged', 'MagazineOrder'),
(128, 200004, '2012-07-24', 75, 'charged', 'MagazineOrder'),
(129, 200004, '2012-07-24', 30, 'charged', 'MagazineOrder'),
(133, 200004, '2012-09-01', 176, 'charged', 'ShippingOrder'),
(136, 200004, '2012-09-01', 0, 'charged', 'ShippingOrder'),
(139, 200004, '2012-07-27', 2, 'pending', 'MagazineOrder'),
(140, 200004, '2012-07-27', 25, 'pending', 'MagazineOrder'),
(141, 200004, '2012-07-27', 2, 'pending', 'MagazineOrder'),
(142, 200004, '2012-07-27', 10, 'charged', 'MagazineOrder'),
(143, 200004, '2012-07-27', 32.9, 'charged', 'MagazineOrder'),
(144, 200004, '2012-09-10', 2, 'charged', 'MagazineOrder'),
(145, 200009, '2013-05-02', 45, 'charged', 'MagazineOrder'),
(146, 200009, '2013-05-03', 45, 'pending', 'MagazineOrder'),
(147, 200009, '2013-05-20', 45, 'pending', 'MagazineOrder');

-- --------------------------------------------------------

--
-- Table structure for table `pricelist`
--

CREATE TABLE IF NOT EXISTS `pricelist` (
  `pricelist_id` int(11) NOT NULL AUTO_INCREMENT,
  `continents_id` int(11) NOT NULL,
  `weight_kg` varchar(20) NOT NULL,
  `weight_lbs` varchar(20) NOT NULL,
  `DHL_cost_std` double(7,2) NOT NULL DEFAULT '0.00',
  `DHL_cost_prem` double(7,2) NOT NULL DEFAULT '0.00',
  `DHL_cost_bus` double(7,2) NOT NULL DEFAULT '0.00',
  `TNT_cost_std` double(7,2) NOT NULL DEFAULT '0.00',
  `TNT_cost_prem` double(7,2) NOT NULL DEFAULT '0.00',
  `TNT_cost_bus` double(7,2) NOT NULL DEFAULT '0.00',
  `Fedex_cost_std` double(7,2) NOT NULL DEFAULT '0.00',
  `Fedex_cost_prem` double(7,2) NOT NULL DEFAULT '0.00',
  `Fedex_cost_bus` double(7,2) NOT NULL DEFAULT '0.00',
  `Fedex_Eco_cost_std` double(7,2) NOT NULL DEFAULT '0.00',
  `Fedex_Eco_cost_prem` double(7,2) NOT NULL DEFAULT '0.00',
  `Fedex_Eco_cost_bus` double(7,2) NOT NULL DEFAULT '0.00',
  `create_date` timestamp NOT NULL DEFAULT CURRENT_TIMESTAMP ON UPDATE CURRENT_TIMESTAMP,
  PRIMARY KEY (`pricelist_id`),
  KEY `FK_pricelist` (`continents_id`)
) ENGINE=InnoDB  DEFAULT CHARSET=utf8 CHECKSUM=1 DELAY_KEY_WRITE=1 ROW_FORMAT=DYNAMIC AUTO_INCREMENT=1179 ;

--
-- Dumping data for table `pricelist`
--

INSERT INTO `pricelist` (`pricelist_id`, `continents_id`, `weight_kg`, `weight_lbs`, `DHL_cost_std`, `DHL_cost_prem`, `DHL_cost_bus`, `TNT_cost_std`, `TNT_cost_prem`, `TNT_cost_bus`, `Fedex_cost_std`, `Fedex_cost_prem`, `Fedex_cost_bus`, `Fedex_Eco_cost_std`, `Fedex_Eco_cost_prem`, `Fedex_Eco_cost_bus`, `create_date`) VALUES
(1, 1, 'Letter', 'Letter', 37.55, 33.59, 29.64, 25.02, 22.39, 19.76, 10.22, 7.66, 5.11, 32.94, 29.28, 25.62, '2012-08-03 15:13:37'),
(2, 2, 'Letter', 'Letter', 31.72, 27.99, 26.12, 27.20, 25.84, 23.12, 12.74, 9.55, 6.37, 38.48, 34.21, 29.93, '2012-08-03 15:13:37'),
(3, 3, 'Letter', 'Letter', 37.49, 33.08, 30.87, 30.96, 29.41, 26.32, 15.22, 11.41, 7.61, 45.77, 40.69, 35.60, '2012-08-03 15:13:37'),
(4, 4, 'Letter', 'Letter', 31.72, 27.99, 26.12, 26.66, 25.33, 22.66, 12.74, 9.55, 6.37, 38.48, 34.21, 29.93, '2012-08-03 15:13:37'),
(5, 5, 'Letter', 'Letter', 60.69, 53.55, 49.98, 33.97, 30.40, 26.82, 26.52, 19.89, 13.26, 69.32, 61.62, 53.91, '2012-08-03 15:13:37'),
(6, 6, 'Letter', 'Letter', 57.12, 53.55, 49.98, 36.40, 32.57, 28.74, 26.52, 19.89, 13.26, 69.32, 61.62, 53.91, '2012-08-03 15:13:37'),
(7, 7, 'Letter', 'Letter', 30.35, 28.56, 26.78, 33.65, 30.11, 26.57, 14.22, 10.66, 7.11, 41.38, 36.78, 32.19, '2012-08-03 15:13:37'),
(8, 8, 'Letter', 'Letter', 17.96, 13.97, 9.98, 26.16, 23.41, 20.66, 15.76, 11.82, 7.88, 45.40, 40.35, 35.31, '2012-08-03 15:13:37'),
(9, 9, 'Letter', 'Letter', 16.07, 12.50, 8.93, 24.04, 22.84, 20.43, 11.04, 8.28, 5.52, 33.75, 30.00, 26.25, '2012-08-03 15:13:37'),
(10, 10, 'Letter', 'Letter', 18.90, 14.70, 10.50, 26.37, 23.60, 20.82, 13.85, 10.39, 6.92, 38.63, 34.34, 30.04, '2012-08-03 15:13:37'),
(11, 11, 'Letter', 'Letter', 18.90, 14.70, 10.50, 22.84, 20.43, 18.03, 17.17, 12.88, 8.58, 49.19, 43.73, 38.26, '2012-08-03 15:13:37'),
(12, 12, 'Letter', 'Letter', 28.35, 22.05, 15.75, 0.00, 0.00, 0.00, 26.52, 19.89, 13.26, 69.32, 61.62, 53.91, '2012-08-03 15:13:37'),
(13, 13, 'Letter', 'Letter', 18.90, 14.70, 10.50, 24.57, 21.98, 19.40, 13.85, 10.39, 6.92, 38.63, 34.34, 30.04, '2012-08-03 15:13:37'),
(14, 14, 'Letter', 'Letter', 18.90, 14.70, 10.50, 49.61, 44.39, 39.17, 13.85, 10.39, 6.92, 40.28, 35.81, 31.33, '2012-08-03 15:13:37'),
(15, 15, 'Letter', 'Letter', 25.52, 19.85, 14.18, 33.97, 30.40, 26.82, 13.85, 10.39, 6.92, 38.63, 34.34, 30.04, '2012-08-03 15:13:37'),
(16, 16, 'Letter', 'Letter', 18.90, 14.70, 10.50, 22.84, 20.43, 18.03, 13.85, 10.39, 6.92, 38.63, 34.34, 30.04, '2012-08-03 15:13:37'),
(17, 17, 'Letter', 'Letter', 25.52, 19.85, 14.18, 24.04, 22.84, 20.43, 13.85, 10.39, 6.92, 38.63, 34.34, 30.04, '2012-08-03 15:13:37'),
(18, 18, 'Letter', 'Letter', 25.52, 19.85, 14.18, 33.64, 31.96, 28.59, 13.85, 10.39, 6.92, 38.63, 34.34, 30.04, '2012-08-03 15:13:37'),
(19, 19, 'Letter', 'Letter', 25.52, 19.85, 14.18, 36.61, 32.76, 28.91, 13.85, 10.39, 6.92, 38.63, 34.34, 30.04, '2012-08-03 15:13:37'),
(20, 20, 'Letter', 'Letter', 43.47, 33.81, 24.15, 31.32, 29.75, 26.62, 26.52, 19.89, 13.26, 69.32, 61.62, 53.91, '2012-08-03 15:13:37'),
(21, 21, 'Letter', 'Letter', 16.07, 12.50, 8.93, 25.28, 24.02, 21.49, 11.04, 8.28, 5.52, 33.75, 30.00, 26.25, '2012-08-03 15:13:37'),
(22, 22, 'Letter', 'Letter', 16.07, 12.50, 8.93, 24.04, 22.84, 20.43, 11.04, 8.28, 5.52, 33.75, 30.00, 26.25, '2012-08-03 15:13:37'),
(23, 23, 'Letter', 'Letter', 18.90, 14.70, 10.50, 27.63, 24.72, 21.81, 13.85, 10.39, 6.92, 38.63, 34.34, 30.04, '2012-08-03 15:13:37'),
(24, 24, 'Letter', 'Letter', 18.90, 14.70, 10.50, 22.84, 20.43, 18.03, 13.85, 10.39, 6.92, 38.63, 34.34, 30.04, '2012-08-03 15:13:37'),
(25, 25, 'Letter', 'Letter', 18.90, 14.70, 10.50, 28.54, 25.53, 22.53, 13.85, 10.39, 6.92, 38.63, 34.34, 30.04, '2012-08-03 15:13:37'),
(26, 26, 'Letter', 'Letter', 18.90, 14.70, 10.50, 22.84, 20.43, 18.03, 13.85, 10.39, 6.92, 38.63, 34.34, 30.04, '2012-08-03 15:13:37'),
(27, 27, 'Letter', 'Letter', 25.52, 19.85, 14.18, 27.06, 25.71, 23.00, 13.85, 10.39, 6.92, 38.63, 34.34, 30.04, '2012-08-03 15:13:37'),
(28, 28, 'Letter', 'Letter', 25.52, 19.85, 14.18, 36.61, 32.76, 28.91, 13.85, 10.39, 6.92, 38.63, 34.34, 30.04, '2012-08-03 15:13:37'),
(29, 29, 'Letter', 'Letter', 25.52, 19.85, 14.18, 30.80, 29.26, 26.18, 13.85, 10.39, 6.92, 38.63, 34.34, 30.04, '2012-08-03 15:13:37'),
(30, 30, 'Letter', 'Letter', 14.08, 10.95, 7.82, 29.80, 28.31, 25.33, 13.85, 10.39, 6.92, 38.63, 34.34, 30.04, '2012-08-03 15:13:37'),
(31, 31, 'Letter', 'Letter', 25.52, 19.85, 14.18, 24.36, 23.14, 20.71, 13.85, 10.39, 6.92, 38.63, 34.34, 30.04, '2012-08-03 15:13:37'),
(32, 32, 'Letter', 'Letter', 16.79, 13.06, 9.33, 29.20, 27.74, 24.82, 12.74, 9.55, 6.37, 38.48, 34.21, 29.93, '2012-08-03 15:13:37'),
(33, 33, 'Letter', 'Letter', 16.79, 13.06, 9.33, 26.42, 25.10, 22.46, 12.74, 9.55, 6.37, 38.48, 34.21, 29.93, '2012-08-03 15:13:37'),
(34, 34, 'Letter', 'Letter', 43.47, 33.81, 24.15, 52.42, 46.90, 41.39, 26.52, 19.89, 13.26, 69.32, 61.62, 53.91, '2012-08-03 15:13:37'),
(35, 35, 'Letter', 'Letter', 43.47, 33.81, 24.15, 48.15, 43.08, 38.01, 26.52, 19.89, 13.26, 69.32, 61.62, 53.91, '2012-08-03 15:13:37'),
(36, 36, 'Letter', 'Letter', 32.13, 24.99, 17.85, 22.84, 20.43, 18.03, 26.52, 19.89, 13.26, 69.32, 61.62, 53.91, '2012-08-03 15:13:37'),
(37, 37, 'Letter', 'Letter', 16.79, 13.06, 9.33, 25.80, 24.51, 21.93, 12.74, 9.55, 6.37, 38.48, 34.21, 29.93, '2012-08-03 15:13:37'),
(38, 38, 'Letter', 'Letter', 18.90, 14.70, 10.50, 29.74, 28.25, 25.28, 14.22, 10.66, 7.11, 41.38, 36.78, 32.19, '2012-08-03 15:13:37'),
(39, 1, '0.5', '1', 37.55, 33.59, 29.64, 29.56, 26.45, 23.34, 15.12, 11.34, 7.56, 32.94, 29.28, 25.62, '2012-08-03 15:13:37'),
(40, 2, '0.5', '1', 31.72, 27.99, 26.12, 38.52, 36.59, 32.74, 17.86, 13.40, 8.93, 38.48, 34.21, 29.93, '2012-08-03 15:13:37'),
(41, 3, '0.5', '1', 37.49, 33.08, 30.87, 40.92, 38.87, 34.78, 21.26, 15.95, 10.63, 45.77, 40.69, 35.60, '2012-08-03 15:13:37'),
(42, 4, '0.5', '1', 31.72, 27.99, 26.12, 37.26, 35.40, 31.67, 17.86, 13.40, 8.93, 38.48, 34.21, 29.93, '2012-08-03 15:13:37'),
(43, 5, '0.5', '1', 60.69, 53.55, 49.98, 36.12, 32.32, 28.52, 32.73, 24.55, 16.36, 69.32, 61.62, 53.91, '2012-08-03 15:13:37'),
(44, 6, '0.5', '1', 57.12, 53.55, 49.98, 73.36, 65.64, 57.92, 32.73, 24.55, 16.36, 69.32, 61.62, 53.91, '2012-08-03 15:13:37'),
(45, 7, '0.5', '1', 30.35, 28.56, 26.78, 72.83, 65.16, 57.50, 19.27, 14.45, 9.64, 41.38, 36.78, 32.19, '2012-08-03 15:13:37'),
(46, 8, '0.5', '1', 17.96, 13.97, 9.98, 32.13, 28.75, 25.37, 21.38, 16.03, 10.69, 45.40, 40.35, 35.31, '2012-08-03 15:13:37'),
(47, 9, '0.5', '1', 16.07, 12.50, 8.93, 28.34, 26.92, 24.09, 15.88, 11.91, 7.94, 33.75, 30.00, 26.25, '2012-08-03 15:13:37'),
(48, 10, '0.5', '1', 18.90, 14.70, 10.50, 32.24, 28.85, 25.46, 18.41, 13.81, 9.20, 38.63, 34.34, 30.04, '2012-08-03 15:13:37'),
(49, 11, '0.5', '1', 18.90, 14.70, 10.50, 26.37, 23.60, 20.82, 23.22, 17.42, 11.61, 49.19, 43.73, 38.26, '2012-08-03 15:13:37'),
(50, 12, '0.5', '1', 28.35, 22.05, 15.75, 0.00, 0.00, 0.00, 32.73, 24.55, 16.36, 69.32, 61.62, 53.91, '2012-08-03 15:13:37'),
(51, 13, '0.5', '1', 18.90, 14.70, 10.50, 35.74, 31.98, 28.22, 18.41, 13.81, 9.20, 38.63, 34.34, 30.04, '2012-08-03 15:13:37'),
(52, 14, '0.5', '1', 18.90, 14.70, 10.50, 50.14, 44.86, 39.59, 18.98, 14.24, 9.49, 40.28, 35.81, 31.33, '2012-08-03 15:13:37'),
(53, 15, '0.5', '1', 25.52, 19.85, 14.18, 39.08, 34.97, 30.86, 18.41, 13.81, 9.20, 38.63, 34.34, 30.04, '2012-08-03 15:13:37'),
(54, 16, '0.5', '1', 18.90, 14.70, 10.50, 43.34, 38.78, 34.22, 18.41, 13.81, 9.20, 38.63, 34.34, 30.04, '2012-08-03 15:13:37'),
(55, 17, '0.5', '1', 25.52, 19.85, 14.18, 33.16, 31.50, 28.19, 18.41, 13.81, 9.20, 38.63, 34.34, 30.04, '2012-08-03 15:13:37'),
(56, 18, '0.5', '1', 25.52, 19.85, 14.18, 48.98, 46.53, 41.63, 18.41, 13.81, 9.20, 38.63, 34.34, 30.04, '2012-08-03 15:13:37'),
(57, 19, '0.5', '1', 25.52, 19.85, 14.18, 48.47, 43.37, 38.27, 18.41, 13.81, 9.20, 38.63, 34.34, 30.04, '2012-08-03 15:13:37'),
(58, 20, '0.5', '1', 43.47, 33.81, 24.15, 38.94, 36.99, 33.10, 32.73, 24.55, 16.36, 69.32, 61.62, 53.91, '2012-08-03 15:13:37'),
(59, 21, '0.5', '1', 16.07, 12.50, 8.93, 30.68, 29.15, 26.08, 15.88, 11.91, 7.94, 33.75, 30.00, 26.25, '2012-08-03 15:13:37'),
(60, 22, '0.5', '1', 16.07, 12.50, 8.93, 27.18, 25.82, 23.10, 15.88, 11.91, 7.94, 33.75, 30.00, 26.25, '2012-08-03 15:13:37'),
(61, 23, '0.5', '1', 18.90, 14.70, 10.50, 27.82, 24.89, 21.96, 18.41, 13.81, 9.20, 38.63, 34.34, 30.04, '2012-08-03 15:13:37'),
(62, 24, '0.5', '1', 18.90, 14.70, 10.50, 23.03, 20.60, 18.18, 18.41, 13.81, 9.20, 38.63, 34.34, 30.04, '2012-08-03 15:13:37'),
(63, 25, '0.5', '1', 18.90, 14.70, 10.50, 43.34, 38.78, 34.22, 18.41, 13.81, 9.20, 38.63, 34.34, 30.04, '2012-08-03 15:13:37'),
(64, 26, '0.5', '1', 18.90, 14.70, 10.50, 28.06, 25.11, 22.16, 18.41, 13.81, 9.20, 38.63, 34.34, 30.04, '2012-08-03 15:13:37'),
(65, 27, '0.5', '1', 25.52, 19.85, 14.18, 30.00, 28.50, 25.50, 18.41, 13.81, 9.20, 38.63, 34.34, 30.04, '2012-08-03 15:13:37'),
(66, 28, '0.5', '1', 25.52, 19.85, 14.18, 92.30, 82.59, 72.87, 18.41, 13.81, 9.20, 38.63, 34.34, 30.04, '2012-08-03 15:13:37'),
(67, 29, '0.5', '1', 25.52, 19.85, 14.18, 53.76, 51.07, 45.70, 18.41, 13.81, 9.20, 38.63, 34.34, 30.04, '2012-08-03 15:13:37'),
(68, 30, '0.5', '1', 14.18, 11.03, 7.88, 30.00, 28.50, 25.50, 18.41, 13.81, 9.20, 38.63, 34.34, 30.04, '2012-08-03 15:13:37'),
(69, 31, '0.5', '1', 25.52, 19.85, 14.18, 24.56, 23.33, 20.88, 18.41, 13.81, 9.20, 38.63, 34.34, 30.04, '2012-08-03 15:13:37'),
(70, 32, '0.5', '1', 16.79, 13.06, 9.33, 36.82, 34.98, 31.30, 17.86, 13.40, 8.93, 38.48, 34.21, 29.93, '2012-08-03 15:13:37'),
(71, 33, '0.5', '1', 16.79, 13.06, 9.33, 37.26, 35.40, 31.67, 17.86, 13.40, 8.93, 38.48, 34.21, 29.93, '2012-08-03 15:13:37'),
(72, 34, '0.5', '1', 43.47, 33.81, 24.15, 71.99, 64.41, 56.84, 32.73, 24.55, 16.36, 69.32, 61.62, 53.91, '2012-08-03 15:13:37'),
(73, 35, '0.5', '1', 43.47, 33.81, 24.15, 48.34, 43.25, 38.16, 32.73, 24.55, 16.36, 69.32, 61.62, 53.91, '2012-08-03 15:13:37'),
(74, 36, '0.5', '1', 32.13, 24.99, 17.85, 31.12, 27.85, 24.57, 32.73, 24.55, 16.36, 69.32, 61.62, 53.91, '2012-08-03 15:13:37'),
(75, 37, '0.5', '1', 16.79, 13.06, 9.33, 37.26, 35.40, 31.67, 17.86, 13.40, 8.93, 38.48, 34.21, 29.93, '2012-08-03 15:13:37'),
(76, 38, '0.5', '1', 18.90, 14.70, 10.50, 37.62, 35.74, 31.98, 19.27, 14.45, 9.64, 41.38, 36.78, 32.19, '2012-08-03 15:13:37'),
(77, 1, '0.9', '2', 41.32, 36.97, 32.62, 33.36, 29.85, 26.34, 15.33, 11.50, 7.66, 32.94, 29.28, 25.62, '2012-08-03 15:13:37'),
(78, 2, '0.9', '2', 37.22, 32.84, 30.65, 40.92, 38.87, 34.78, 18.36, 13.77, 9.18, 39.44, 35.06, 30.67, '2012-08-03 15:13:37'),
(79, 3, '0.9', '2', 46.39, 40.93, 38.21, 45.40, 43.13, 38.59, 22.04, 16.53, 11.02, 45.77, 40.69, 35.60, '2012-08-03 15:13:37'),
(80, 4, '0.9', '2', 37.22, 32.84, 30.65, 40.66, 38.63, 34.56, 18.36, 13.77, 9.18, 39.44, 35.06, 30.67, '2012-08-03 15:13:37'),
(81, 5, '0.9', '2', 71.03, 62.67, 58.49, 46.38, 41.50, 36.62, 32.73, 24.55, 16.36, 69.32, 61.62, 53.91, '2012-08-03 15:13:37'),
(82, 6, '0.9', '2', 66.85, 62.67, 58.49, 82.75, 74.04, 65.33, 32.73, 24.55, 16.36, 69.32, 61.62, 53.91, '2012-08-03 15:13:37'),
(83, 7, '0.9', '2', 36.82, 34.66, 32.49, 76.40, 68.36, 60.32, 20.51, 15.38, 10.26, 43.52, 38.69, 33.85, '2012-08-03 15:13:37'),
(84, 8, '0.9', '2', 21.43, 16.67, 11.91, 37.24, 33.32, 29.40, 21.38, 16.03, 10.69, 46.30, 41.15, 36.01, '2012-08-03 15:13:37'),
(85, 9, '0.9', '2', 18.42, 14.33, 10.23, 32.50, 30.88, 27.63, 15.88, 11.91, 7.94, 33.75, 30.00, 26.25, '2012-08-03 15:13:37'),
(86, 10, '0.9', '2', 21.42, 16.66, 11.90, 42.66, 38.17, 33.68, 18.92, 14.19, 9.46, 41.17, 36.59, 32.02, '2012-08-03 15:13:37'),
(87, 11, '0.9', '2', 21.42, 16.66, 11.90, 30.40, 27.20, 24.00, 23.22, 17.42, 11.61, 49.19, 43.73, 38.26, '2012-08-03 15:13:37'),
(88, 12, '0.9', '2', 36.64, 28.50, 20.35, 0.00, 0.00, 0.00, 32.73, 24.55, 16.36, 69.32, 61.62, 53.91, '2012-08-03 15:13:37'),
(89, 13, '0.9', '2', 21.42, 16.66, 11.90, 41.00, 36.69, 32.37, 18.92, 14.19, 9.46, 41.17, 36.59, 32.02, '2012-08-03 15:13:37'),
(90, 14, '0.9', '2', 21.42, 16.66, 11.90, 58.44, 52.29, 46.14, 19.26, 14.45, 9.63, 42.07, 37.39, 32.72, '2012-08-03 15:13:37'),
(91, 15, '0.9', '2', 29.85, 23.22, 16.58, 45.83, 41.00, 36.18, 18.44, 13.83, 9.22, 38.74, 34.43, 30.13, '2012-08-03 15:13:37'),
(92, 16, '0.9', '2', 21.42, 16.66, 11.90, 48.87, 43.72, 38.58, 18.92, 14.19, 9.46, 41.17, 36.59, 32.02, '2012-08-03 15:13:37'),
(93, 17, '0.9', '2', 29.85, 23.22, 16.58, 39.26, 37.30, 33.37, 18.44, 13.83, 9.22, 38.74, 34.43, 30.13, '2012-08-03 15:13:37'),
(94, 18, '0.9', '2', 29.85, 23.22, 16.58, 53.62, 50.94, 45.58, 18.44, 13.83, 9.22, 38.74, 34.43, 30.13, '2012-08-03 15:13:37'),
(95, 19, '0.9', '2', 29.85, 23.22, 16.58, 55.42, 49.59, 43.76, 18.44, 13.83, 9.22, 38.74, 34.43, 30.13, '2012-08-03 15:13:37'),
(96, 20, '0.9', '2', 49.50, 38.50, 27.50, 42.98, 40.83, 36.53, 32.73, 24.55, 16.36, 69.32, 61.62, 53.91, '2012-08-03 15:13:37'),
(97, 21, '0.9', '2', 18.42, 14.33, 10.23, 35.36, 33.59, 30.06, 15.88, 11.91, 7.94, 33.75, 30.00, 26.25, '2012-08-03 15:13:37'),
(98, 22, '0.9', '2', 18.42, 14.33, 10.23, 32.38, 30.76, 27.52, 15.88, 11.91, 7.94, 33.75, 30.00, 26.25, '2012-08-03 15:13:37'),
(99, 23, '0.9', '2', 21.42, 16.66, 11.90, 33.59, 30.06, 26.52, 18.92, 14.19, 9.46, 41.17, 36.59, 32.02, '2012-08-03 15:13:37'),
(100, 24, '0.9', '2', 21.42, 16.66, 11.90, 29.09, 26.03, 22.97, 18.92, 14.19, 9.46, 41.17, 36.59, 32.02, '2012-08-03 15:13:37'),
(101, 25, '0.9', '2', 21.42, 16.66, 11.90, 50.83, 45.48, 40.13, 18.92, 14.19, 9.46, 41.17, 36.59, 32.02, '2012-08-03 15:13:37'),
(102, 26, '0.9', '2', 21.42, 16.66, 11.90, 33.65, 30.11, 26.57, 18.92, 14.19, 9.46, 41.17, 36.59, 32.02, '2012-08-03 15:13:37'),
(103, 27, '0.9', '2', 29.85, 23.22, 16.58, 33.40, 31.73, 28.39, 18.44, 13.83, 9.22, 38.74, 34.43, 30.13, '2012-08-03 15:13:37'),
(104, 28, '0.9', '2', 29.85, 23.22, 16.58, 98.95, 88.54, 78.12, 18.44, 13.83, 9.22, 38.74, 34.43, 30.13, '2012-08-03 15:13:37'),
(105, 29, '0.9', '2', 29.85, 23.22, 16.58, 58.44, 55.52, 49.67, 18.44, 13.83, 9.22, 38.74, 34.43, 30.13, '2012-08-03 15:13:37'),
(106, 30, '0.9', '2', 16.92, 13.16, 9.40, 35.82, 34.03, 30.45, 18.44, 13.83, 9.22, 38.74, 34.43, 30.13, '2012-08-03 15:13:37'),
(107, 31, '0.9', '2', 29.85, 23.22, 16.58, 31.68, 30.10, 26.93, 18.44, 13.83, 9.22, 38.74, 34.43, 30.13, '2012-08-03 15:13:37'),
(108, 32, '0.9', '2', 19.70, 15.32, 10.95, 40.86, 38.82, 34.73, 18.36, 13.77, 9.18, 39.44, 35.06, 30.67, '2012-08-03 15:13:37'),
(109, 33, '0.9', '2', 19.70, 15.32, 10.95, 39.54, 37.56, 33.61, 18.36, 13.77, 9.18, 39.44, 35.06, 30.67, '2012-08-03 15:13:37'),
(110, 34, '0.9', '2', 49.50, 38.50, 27.50, 78.57, 70.30, 62.03, 32.73, 24.55, 16.36, 69.32, 61.62, 53.91, '2012-08-03 15:13:37'),
(111, 35, '0.9', '2', 49.50, 38.50, 27.50, 58.94, 52.73, 46.53, 32.73, 24.55, 16.36, 69.32, 61.62, 53.91, '2012-08-03 15:13:37'),
(112, 36, '0.9', '2', 37.60, 29.25, 20.89, 35.49, 31.76, 28.02, 32.73, 24.55, 16.36, 69.32, 61.62, 53.91, '2012-08-03 15:13:37'),
(113, 37, '0.9', '2', 19.70, 15.32, 10.95, 39.22, 37.26, 33.34, 18.36, 13.77, 9.18, 39.44, 35.06, 30.67, '2012-08-03 15:13:37'),
(114, 38, '0.9', '2', 21.42, 16.66, 11.90, 47.32, 44.95, 40.22, 20.51, 15.38, 10.26, 43.52, 38.69, 33.85, '2012-08-03 15:13:37'),
(115, 1, '1.4', '3', 50.87, 45.52, 40.16, 37.16, 33.25, 29.34, 17.50, 13.12, 8.75, 34.22, 30.42, 26.61, '2012-08-03 15:13:37'),
(116, 2, '1.4', '3', 43.71, 38.57, 36.00, 43.32, 41.15, 36.82, 21.56, 16.17, 10.78, 45.76, 40.67, 35.59, '2012-08-03 15:13:37'),
(117, 3, '1.4', '3', 52.46, 46.29, 43.20, 49.88, 47.39, 42.40, 24.83, 18.62, 12.42, 48.92, 43.49, 38.05, '2012-08-03 15:13:37'),
(118, 4, '1.4', '3', 43.71, 38.57, 36.00, 44.06, 41.86, 37.45, 21.56, 16.17, 10.78, 45.76, 40.67, 35.59, '2012-08-03 15:13:37'),
(119, 5, '1.4', '3', 88.21, 77.84, 72.65, 56.64, 50.68, 44.72, 37.75, 28.31, 18.88, 69.32, 61.62, 53.91, '2012-08-03 15:13:37'),
(120, 6, '1.4', '3', 83.03, 77.84, 72.65, 92.13, 82.43, 72.74, 37.22, 27.91, 18.61, 69.32, 61.62, 53.91, '2012-08-03 15:13:37'),
(121, 7, '1.4', '3', 43.23, 40.69, 38.15, 79.97, 71.55, 63.14, 24.09, 18.07, 12.04, 50.20, 44.62, 39.05, '2012-08-03 15:13:37'),
(122, 8, '1.4', '3', 24.74, 19.24, 13.74, 42.35, 37.89, 33.44, 24.31, 18.23, 12.16, 51.88, 46.11, 40.35, '2012-08-03 15:13:37'),
(123, 9, '1.4', '3', 22.53, 17.52, 12.52, 36.66, 34.83, 31.16, 19.04, 14.28, 9.52, 38.12, 33.89, 29.65, '2012-08-03 15:13:37'),
(124, 10, '1.4', '3', 24.88, 19.35, 13.82, 53.07, 47.48, 41.90, 21.94, 16.46, 10.97, 46.42, 41.26, 36.11, '2012-08-03 15:13:37'),
(125, 11, '1.4', '3', 24.88, 19.35, 13.82, 34.43, 30.80, 27.18, 24.98, 18.74, 12.49, 54.49, 48.43, 42.38, '2012-08-03 15:13:37'),
(126, 12, '1.4', '3', 44.65, 34.73, 24.81, 0.00, 0.00, 0.00, 37.75, 28.31, 18.88, 69.32, 61.62, 53.91, '2012-08-03 15:13:37'),
(127, 13, '1.4', '3', 24.88, 19.35, 13.82, 46.27, 41.40, 36.53, 21.94, 16.46, 10.97, 46.42, 41.26, 36.11, '2012-08-03 15:13:37'),
(128, 14, '1.4', '3', 24.88, 19.35, 13.82, 66.75, 59.72, 52.70, 22.77, 17.08, 11.38, 46.76, 41.57, 36.37, '2012-08-03 15:13:37'),
(129, 15, '1.4', '3', 33.79, 26.28, 18.77, 52.57, 47.04, 41.51, 21.38, 16.04, 10.69, 44.08, 39.18, 34.29, '2012-08-03 15:13:37'),
(130, 16, '1.4', '3', 24.88, 19.35, 13.82, 54.40, 48.67, 42.95, 21.94, 16.46, 10.97, 46.42, 41.26, 36.11, '2012-08-03 15:13:37'),
(131, 17, '1.4', '3', 33.79, 26.28, 18.77, 45.36, 43.09, 38.56, 21.38, 16.04, 10.69, 44.08, 39.18, 34.29, '2012-08-03 15:13:37'),
(132, 18, '1.4', '3', 33.79, 26.28, 18.77, 58.26, 55.35, 49.52, 21.38, 16.04, 10.69, 44.08, 39.18, 34.29, '2012-08-03 15:13:37'),
(133, 19, '1.4', '3', 33.79, 26.28, 18.77, 62.38, 55.81, 49.25, 21.38, 16.04, 10.69, 44.08, 39.18, 34.29, '2012-08-03 15:13:37'),
(134, 20, '1.4', '3', 61.23, 47.62, 34.01, 47.02, 44.67, 39.97, 37.75, 28.31, 18.88, 69.32, 61.62, 53.91, '2012-08-03 15:13:37'),
(135, 21, '1.4', '3', 22.53, 17.52, 12.52, 40.04, 38.04, 34.03, 19.04, 14.28, 9.52, 38.12, 33.89, 29.65, '2012-08-03 15:13:37'),
(136, 22, '1.4', '3', 22.53, 17.52, 12.52, 37.58, 35.70, 31.94, 19.04, 14.28, 9.52, 38.12, 33.89, 29.65, '2012-08-03 15:13:37'),
(137, 23, '1.4', '3', 24.88, 19.35, 13.82, 39.37, 35.22, 31.08, 21.94, 16.46, 10.97, 46.42, 41.26, 36.11, '2012-08-03 15:13:37'),
(138, 24, '1.4', '3', 24.88, 19.35, 13.82, 35.15, 31.45, 27.75, 21.94, 16.46, 10.97, 46.42, 41.26, 36.11, '2012-08-03 15:13:37'),
(139, 25, '1.4', '3', 24.88, 19.35, 13.82, 58.31, 52.17, 46.04, 21.94, 16.46, 10.97, 46.42, 41.26, 36.11, '2012-08-03 15:13:37'),
(140, 26, '1.4', '3', 24.88, 19.35, 13.82, 39.24, 35.11, 30.98, 21.94, 16.46, 10.97, 46.42, 41.26, 36.11, '2012-08-03 15:13:37'),
(141, 27, '1.4', '3', 33.79, 26.28, 18.77, 36.80, 34.96, 31.28, 21.38, 16.04, 10.69, 44.08, 39.18, 34.29, '2012-08-03 15:13:37'),
(142, 28, '1.4', '3', 33.79, 26.28, 18.77, 105.60, 94.49, 83.37, 21.38, 16.04, 10.69, 44.08, 39.18, 34.29, '2012-08-03 15:13:37'),
(143, 29, '1.4', '3', 33.79, 26.28, 18.77, 63.12, 59.96, 53.65, 21.38, 16.04, 10.69, 44.08, 39.18, 34.29, '2012-08-03 15:13:37'),
(144, 30, '1.4', '3', 19.67, 15.30, 10.93, 41.64, 39.56, 35.39, 21.38, 16.04, 10.69, 44.08, 39.18, 34.29, '2012-08-03 15:13:37'),
(145, 31, '1.4', '3', 33.79, 26.28, 18.77, 38.80, 36.86, 32.98, 21.38, 16.04, 10.69, 44.08, 39.18, 34.29, '2012-08-03 15:13:37'),
(146, 32, '1.4', '3', 23.14, 18.00, 12.86, 44.90, 42.66, 38.17, 21.56, 16.17, 10.78, 45.76, 40.67, 35.59, '2012-08-03 15:13:37'),
(147, 33, '1.4', '3', 23.14, 18.00, 12.86, 41.82, 39.73, 35.55, 21.56, 16.17, 10.78, 45.76, 40.67, 35.59, '2012-08-03 15:13:37'),
(148, 34, '1.4', '3', 61.23, 47.62, 34.01, 85.14, 76.18, 67.22, 37.75, 28.31, 18.88, 69.32, 61.62, 53.91, '2012-08-03 15:13:37'),
(149, 35, '1.4', '3', 61.23, 47.62, 34.01, 69.54, 62.22, 54.90, 37.75, 28.31, 18.88, 69.32, 61.62, 53.91, '2012-08-03 15:13:37'),
(150, 36, '1.4', '3', 46.70, 36.32, 25.95, 39.86, 35.67, 31.47, 37.22, 27.91, 18.61, 69.32, 61.62, 53.91, '2012-08-03 15:13:37'),
(151, 37, '1.4', '3', 23.14, 18.00, 12.86, 41.18, 39.12, 35.00, 21.56, 16.17, 10.78, 45.76, 40.67, 35.59, '2012-08-03 15:13:37'),
(152, 38, '1.4', '3', 24.88, 19.35, 13.82, 57.02, 54.17, 48.47, 24.09, 18.07, 12.04, 50.20, 44.62, 39.05, '2012-08-03 15:13:37'),
(153, 1, '1.8', '4', 54.96, 49.18, 43.39, 40.96, 36.65, 32.34, 19.02, 14.26, 9.51, 36.70, 32.62, 28.55, '2012-08-03 15:13:37'),
(154, 2, '1.8', '4', 49.78, 43.93, 41.00, 45.72, 43.43, 38.86, 24.62, 18.46, 12.31, 51.77, 46.02, 40.26, '2012-08-03 15:13:37'),
(155, 3, '1.8', '4', 58.01, 51.19, 47.78, 54.36, 51.64, 46.21, 27.58, 20.68, 13.79, 55.15, 49.02, 42.90, '2012-08-03 15:13:37'),
(156, 4, '1.8', '4', 49.78, 43.93, 41.00, 47.46, 45.09, 40.34, 24.62, 18.46, 12.31, 51.77, 46.02, 40.26, '2012-08-03 15:13:37'),
(157, 5, '1.8', '4', 99.92, 88.17, 82.29, 66.90, 59.86, 52.82, 42.70, 32.02, 21.35, 69.32, 61.62, 53.91, '2012-08-03 15:13:37'),
(158, 6, '1.8', '4', 94.05, 88.17, 82.29, 101.52, 90.83, 80.15, 42.09, 31.57, 21.04, 69.32, 61.62, 53.91, '2012-08-03 15:13:37'),
(159, 7, '1.8', '4', 49.19, 46.30, 43.41, 83.54, 74.75, 65.96, 27.51, 20.63, 13.76, 57.10, 50.75, 44.41, '2012-08-03 15:13:37'),
(160, 8, '1.8', '4', 27.53, 21.41, 15.29, 47.46, 42.47, 37.47, 26.34, 19.76, 13.17, 57.58, 51.18, 44.79, '2012-08-03 15:13:37'),
(161, 9, '1.8', '4', 25.71, 20.00, 14.29, 40.82, 38.78, 34.70, 21.74, 16.31, 10.87, 43.36, 38.54, 33.73, '2012-08-03 15:13:37'),
(162, 10, '1.8', '4', 28.44, 22.12, 15.80, 63.48, 56.80, 50.12, 24.57, 18.43, 12.28, 51.61, 45.87, 40.14, '2012-08-03 15:13:37'),
(163, 11, '1.8', '4', 28.44, 22.12, 15.80, 38.46, 34.41, 30.36, 28.06, 21.05, 14.03, 60.48, 53.76, 47.04, '2012-08-03 15:13:37'),
(164, 12, '1.8', '4', 52.85, 41.11, 29.36, 0.00, 0.00, 0.00, 42.70, 32.02, 21.35, 69.32, 61.62, 53.91, '2012-08-03 15:13:37'),
(165, 13, '1.8', '4', 28.44, 22.12, 15.80, 51.53, 46.10, 40.68, 24.57, 18.43, 12.28, 51.61, 45.87, 40.14, '2012-08-03 15:13:37'),
(166, 14, '1.8', '4', 28.44, 22.12, 15.80, 75.05, 67.15, 59.25, 25.70, 19.28, 12.85, 52.38, 46.56, 40.74, '2012-08-03 15:13:37'),
(167, 15, '1.8', '4', 38.23, 29.74, 21.24, 59.32, 53.07, 46.83, 23.94, 17.95, 11.97, 49.01, 43.57, 38.12, '2012-08-03 15:13:37'),
(168, 16, '1.8', '4', 28.44, 22.12, 15.80, 59.93, 53.62, 47.31, 24.57, 18.43, 12.28, 51.61, 45.87, 40.14, '2012-08-03 15:13:37'),
(169, 17, '1.8', '4', 38.23, 29.74, 21.24, 51.46, 48.89, 43.74, 23.94, 17.95, 11.97, 49.01, 43.57, 38.12, '2012-08-03 15:13:37'),
(170, 18, '1.8', '4', 38.23, 29.74, 21.24, 62.90, 59.76, 53.47, 23.94, 17.95, 11.97, 49.01, 43.57, 38.12, '2012-08-03 15:13:37'),
(171, 19, '1.8', '4', 38.23, 29.74, 21.24, 69.33, 62.03, 54.74, 23.94, 17.95, 11.97, 49.01, 43.57, 38.12, '2012-08-03 15:13:37'),
(172, 20, '1.8', '4', 69.41, 53.99, 38.56, 51.06, 48.51, 43.40, 42.70, 32.02, 21.35, 69.32, 61.62, 53.91, '2012-08-03 15:13:37'),
(173, 21, '1.8', '4', 25.71, 20.00, 14.29, 44.72, 42.48, 38.01, 21.74, 16.31, 10.87, 43.36, 38.54, 33.73, '2012-08-03 15:13:37'),
(174, 22, '1.8', '4', 25.71, 20.00, 14.29, 42.78, 40.64, 36.36, 21.74, 16.31, 10.87, 43.36, 38.54, 33.73, '2012-08-03 15:13:37'),
(175, 23, '1.8', '4', 28.44, 22.12, 15.80, 45.14, 40.39, 35.64, 24.57, 18.43, 12.28, 51.61, 45.87, 40.14, '2012-08-03 15:13:37'),
(176, 24, '1.8', '4', 28.44, 22.12, 15.80, 41.21, 36.87, 32.54, 24.57, 18.43, 12.28, 51.61, 45.87, 40.14, '2012-08-03 15:13:37'),
(177, 25, '1.8', '4', 28.44, 22.12, 15.80, 65.80, 58.87, 51.95, 24.57, 18.43, 12.28, 51.61, 45.87, 40.14, '2012-08-03 15:13:37'),
(178, 26, '1.8', '4', 28.44, 22.12, 15.80, 44.82, 40.10, 35.39, 24.57, 18.43, 12.28, 51.61, 45.87, 40.14, '2012-08-03 15:13:37'),
(179, 27, '1.8', '4', 38.23, 29.74, 21.24, 40.20, 38.19, 34.17, 23.94, 17.95, 11.97, 49.01, 43.57, 38.12, '2012-08-03 15:13:37'),
(180, 28, '1.8', '4', 38.23, 29.74, 21.24, 112.25, 100.44, 88.62, 23.94, 17.95, 11.97, 49.01, 43.57, 38.12, '2012-08-03 15:13:37'),
(181, 29, '1.8', '4', 38.23, 29.74, 21.24, 67.80, 64.41, 57.63, 23.94, 17.95, 11.97, 49.01, 43.57, 38.12, '2012-08-03 15:13:37'),
(182, 30, '1.8', '4', 22.42, 17.44, 12.46, 47.46, 45.09, 40.34, 23.94, 17.95, 11.97, 49.01, 43.57, 38.12, '2012-08-03 15:13:37'),
(183, 31, '1.8', '4', 38.23, 29.74, 21.24, 45.92, 43.62, 39.03, 23.94, 17.95, 11.97, 49.01, 43.57, 38.12, '2012-08-03 15:13:37'),
(184, 32, '1.8', '4', 26.36, 20.50, 14.64, 48.94, 46.49, 41.60, 24.62, 18.46, 12.31, 51.77, 46.02, 40.26, '2012-08-03 15:13:37'),
(185, 33, '1.8', '4', 26.36, 20.50, 14.64, 44.10, 41.90, 37.49, 24.62, 18.46, 12.31, 51.77, 46.02, 40.26, '2012-08-03 15:13:37'),
(186, 34, '1.8', '4', 69.41, 53.99, 38.56, 91.71, 82.06, 72.41, 42.70, 32.02, 21.35, 69.32, 61.62, 53.91, '2012-08-03 15:13:37'),
(187, 35, '1.8', '4', 69.41, 53.99, 38.56, 80.14, 71.71, 63.27, 42.70, 32.02, 21.35, 69.32, 61.62, 53.91, '2012-08-03 15:13:37'),
(188, 36, '1.8', '4', 52.90, 41.15, 29.39, 44.23, 39.58, 34.92, 42.09, 31.57, 21.04, 69.32, 61.62, 53.91, '2012-08-03 15:13:37'),
(189, 37, '1.8', '4', 26.36, 20.50, 14.64, 43.14, 40.98, 36.67, 24.62, 18.46, 12.31, 51.77, 46.02, 40.26, '2012-08-03 15:13:37'),
(190, 38, '1.8', '4', 28.44, 22.12, 15.80, 66.72, 63.38, 56.71, 27.51, 20.63, 13.76, 57.10, 50.75, 44.41, '2012-08-03 15:13:37'),
(191, 1, '2.3', '5', 61.49, 55.01, 48.54, 44.76, 40.05, 35.34, 19.81, 14.86, 9.90, 38.88, 34.56, 30.24, '2012-08-03 15:13:37'),
(192, 2, '2.3', '5', 55.58, 49.05, 45.78, 48.12, 45.71, 40.90, 27.40, 20.55, 13.70, 57.62, 51.22, 44.81, '2012-08-03 15:13:37'),
(193, 3, '2.3', '5', 62.71, 55.33, 51.64, 58.84, 55.90, 50.01, 29.68, 22.26, 14.84, 62.19, 55.28, 48.37, '2012-08-03 15:13:37'),
(194, 4, '2.3', '5', 55.58, 49.05, 45.78, 50.86, 48.32, 43.23, 27.40, 20.55, 13.70, 57.62, 51.22, 44.81, '2012-08-03 15:13:37'),
(195, 5, '2.3', '5', 111.58, 98.45, 91.89, 77.16, 69.04, 60.92, 47.64, 35.73, 23.82, 79.25, 70.45, 61.64, '2012-08-03 15:13:37'),
(196, 6, '2.3', '5', 105.02, 98.45, 91.89, 110.90, 99.23, 87.56, 46.97, 35.23, 23.48, 77.51, 68.90, 60.28, '2012-08-03 15:13:37'),
(197, 7, '2.3', '5', 54.89, 51.66, 48.43, 87.12, 77.95, 68.78, 30.62, 22.96, 15.31, 63.58, 56.51, 49.45, '2012-08-03 15:13:37'),
(198, 8, '2.3', '5', 30.68, 23.87, 17.05, 52.57, 47.04, 41.51, 29.02, 21.77, 14.51, 63.63, 56.56, 49.49, '2012-08-03 15:13:37'),
(199, 9, '2.3', '5', 28.60, 22.24, 15.89, 44.98, 42.73, 38.23, 24.20, 18.15, 12.10, 47.84, 42.53, 37.21, '2012-08-03 15:13:37'),
(200, 10, '2.3', '5', 31.33, 24.37, 17.40, 73.89, 66.11, 58.34, 27.05, 20.29, 13.52, 57.04, 50.70, 44.37, '2012-08-03 15:13:37'),
(201, 11, '2.3', '5', 31.33, 24.37, 17.40, 42.48, 38.01, 33.54, 31.79, 23.84, 15.90, 66.85, 59.42, 52.00, '2012-08-03 15:13:37'),
(202, 12, '2.3', '5', 60.16, 46.79, 33.42, 0.00, 0.00, 0.00, 47.64, 35.73, 23.82, 79.25, 70.45, 61.64, '2012-08-03 15:13:37'),
(203, 13, '2.3', '5', 31.33, 24.37, 17.40, 56.79, 50.81, 44.84, 27.05, 20.29, 13.52, 57.04, 50.70, 44.37, '2012-08-03 15:13:37'),
(204, 14, '2.3', '5', 31.33, 24.37, 17.40, 83.35, 74.58, 65.81, 28.99, 21.74, 14.50, 55.44, 49.28, 43.12, '2012-08-03 15:13:37'),
(205, 15, '2.3', '5', 42.42, 32.99, 23.57, 66.06, 59.11, 52.16, 26.35, 19.76, 13.18, 54.16, 48.14, 42.13, '2012-08-03 15:13:37'),
(206, 16, '2.3', '5', 31.33, 24.37, 17.40, 65.46, 58.57, 51.68, 27.05, 20.29, 13.52, 57.04, 50.70, 44.37, '2012-08-03 15:13:37'),
(207, 17, '2.3', '5', 42.42, 32.99, 23.57, 57.56, 54.68, 48.93, 26.35, 19.76, 13.18, 54.16, 48.14, 42.13, '2012-08-03 15:13:37'),
(208, 18, '2.3', '5', 42.42, 32.99, 23.57, 67.54, 64.16, 57.41, 26.35, 19.76, 13.18, 54.16, 48.14, 42.13, '2012-08-03 15:13:37'),
(209, 19, '2.3', '5', 42.42, 32.99, 23.57, 76.29, 68.26, 60.23, 26.35, 19.76, 13.18, 54.16, 48.14, 42.13, '2012-08-03 15:13:37'),
(210, 20, '2.3', '5', 77.34, 60.15, 42.97, 55.10, 52.35, 46.84, 47.64, 35.73, 23.82, 79.25, 70.45, 61.64, '2012-08-03 15:13:37'),
(211, 21, '2.3', '5', 28.60, 22.24, 15.89, 49.40, 46.93, 41.99, 24.20, 18.15, 12.10, 47.84, 42.53, 37.21, '2012-08-03 15:13:37'),
(212, 22, '2.3', '5', 28.60, 22.24, 15.89, 47.98, 45.58, 40.78, 24.20, 18.15, 12.10, 47.84, 42.53, 37.21, '2012-08-03 15:13:37'),
(213, 23, '2.3', '5', 31.33, 24.37, 17.40, 50.92, 45.56, 40.20, 27.05, 20.29, 13.52, 57.04, 50.70, 44.37, '2012-08-03 15:13:37'),
(214, 24, '2.3', '5', 31.33, 24.37, 17.40, 47.27, 42.30, 37.32, 27.05, 20.29, 13.52, 57.04, 50.70, 44.37, '2012-08-03 15:13:37'),
(215, 25, '2.3', '5', 31.33, 24.37, 17.40, 73.28, 65.57, 57.86, 27.05, 20.29, 13.52, 57.04, 50.70, 44.37, '2012-08-03 15:13:37'),
(216, 26, '2.3', '5', 31.33, 24.37, 17.40, 50.41, 45.10, 39.80, 27.05, 20.29, 13.52, 57.04, 50.70, 44.37, '2012-08-03 15:13:37'),
(217, 27, '2.3', '5', 42.42, 32.99, 23.57, 43.60, 41.42, 37.06, 26.35, 19.76, 13.18, 54.16, 48.14, 42.13, '2012-08-03 15:13:37'),
(218, 28, '2.3', '5', 42.42, 32.99, 23.57, 118.90, 106.39, 93.87, 26.35, 19.76, 13.18, 54.16, 48.14, 42.13, '2012-08-03 15:13:37'),
(219, 29, '2.3', '5', 42.42, 32.99, 23.57, 72.48, 68.86, 61.61, 26.35, 19.76, 13.18, 54.16, 48.14, 42.13, '2012-08-03 15:13:37'),
(220, 30, '2.3', '5', 25.17, 19.58, 13.99, 53.28, 50.62, 45.29, 26.35, 19.76, 13.18, 54.16, 48.14, 42.13, '2012-08-03 15:13:37'),
(221, 31, '2.3', '5', 42.42, 32.99, 23.57, 53.04, 50.39, 45.08, 26.35, 19.76, 13.18, 54.16, 48.14, 42.13, '2012-08-03 15:13:37'),
(222, 32, '2.3', '5', 29.43, 22.89, 16.35, 52.98, 50.33, 45.03, 27.40, 20.55, 13.70, 57.62, 51.22, 44.81, '2012-08-03 15:13:37'),
(223, 33, '2.3', '5', 29.43, 22.89, 16.35, 46.38, 44.06, 39.42, 27.40, 20.55, 13.70, 57.62, 51.22, 44.81, '2012-08-03 15:13:37'),
(224, 34, '2.3', '5', 77.34, 60.15, 42.97, 98.29, 87.94, 77.60, 47.64, 35.73, 23.82, 79.25, 70.45, 61.64, '2012-08-03 15:13:37'),
(225, 35, '2.3', '5', 77.34, 60.15, 42.97, 90.74, 81.19, 71.64, 47.64, 35.73, 23.82, 79.25, 70.45, 61.64, '2012-08-03 15:13:37'),
(226, 36, '2.3', '5', 59.07, 45.94, 32.82, 48.60, 43.49, 38.37, 46.97, 35.23, 23.48, 77.51, 68.90, 60.28, '2012-08-03 15:13:37'),
(227, 37, '2.3', '5', 29.43, 22.89, 16.35, 45.10, 42.85, 38.34, 27.40, 20.55, 13.70, 57.62, 51.22, 44.81, '2012-08-03 15:13:37'),
(228, 38, '2.3', '5', 31.33, 24.37, 17.40, 76.42, 72.60, 64.96, 30.62, 22.96, 15.31, 63.58, 56.51, 49.45, '2012-08-03 15:13:37'),
(229, 1, '2.7', '6', 66.87, 59.83, 52.79, 48.56, 43.45, 38.34, 25.49, 19.12, 12.74, 50.33, 44.74, 39.14, '2012-08-03 15:13:37'),
(230, 2, '2.7', '6', 57.92, 51.11, 47.70, 50.52, 47.99, 42.94, 38.30, 28.73, 19.15, 83.23, 73.98, 64.74, '2012-08-03 15:13:37'),
(231, 3, '2.7', '6', 66.96, 59.08, 55.14, 63.32, 60.15, 53.82, 42.80, 32.10, 21.40, 89.82, 79.84, 69.86, '2012-08-03 15:13:37'),
(232, 4, '2.7', '6', 57.92, 51.11, 47.70, 54.26, 51.55, 46.12, 38.30, 28.73, 19.15, 83.23, 73.98, 64.74, '2012-08-03 15:13:37'),
(233, 5, '2.7', '6', 118.22, 104.31, 97.36, 87.42, 78.22, 69.02, 71.41, 53.56, 35.70, 125.12, 111.22, 97.31, '2012-08-03 15:13:37'),
(234, 6, '2.7', '6', 111.27, 104.31, 97.36, 120.29, 107.63, 94.97, 70.39, 52.79, 35.20, 122.36, 108.77, 95.17, '2012-08-03 15:13:37'),
(235, 7, '2.7', '6', 57.76, 54.36, 50.97, 90.69, 81.14, 71.60, 37.06, 27.79, 18.53, 80.78, 71.81, 62.83, '2012-08-03 15:13:37'),
(236, 8, '2.7', '6', 33.47, 26.03, 18.60, 57.68, 51.61, 45.54, 38.98, 29.23, 19.49, 85.14, 75.68, 66.22, '2012-08-03 15:13:37'),
(237, 9, '2.7', '6', 30.22, 23.51, 16.79, 49.14, 46.68, 41.77, 37.30, 27.97, 18.65, 76.01, 67.57, 59.12, '2012-08-03 15:13:37'),
(238, 10, '2.7', '6', 34.58, 26.89, 19.21, 84.30, 75.43, 66.56, 42.28, 31.71, 21.14, 88.79, 78.93, 69.06, '2012-08-03 15:13:37'),
(239, 11, '2.7', '6', 34.58, 26.89, 19.21, 46.51, 41.62, 36.72, 41.28, 30.96, 20.64, 87.25, 77.55, 67.86, '2012-08-03 15:13:37'),
(240, 12, '2.7', '6', 67.62, 52.60, 37.57, 0.00, 0.00, 0.00, 71.41, 53.56, 35.70, 125.12, 111.22, 97.31, '2012-08-03 15:13:37'),
(241, 13, '2.7', '6', 34.58, 26.89, 19.21, 62.05, 55.52, 48.99, 42.28, 31.71, 21.14, 88.79, 78.93, 69.06, '2012-08-03 15:13:37'),
(242, 14, '2.7', '6', 34.58, 26.89, 19.21, 91.05, 81.46, 71.88, 38.00, 28.50, 19.00, 74.77, 66.46, 58.16, '2012-08-03 15:13:37'),
(243, 15, '2.7', '6', 46.61, 36.25, 25.89, 72.31, 64.70, 57.09, 41.20, 30.90, 20.60, 84.31, 74.94, 65.58, '2012-08-03 15:13:37'),
(244, 16, '2.7', '6', 34.58, 26.89, 19.21, 70.98, 63.51, 56.04, 42.28, 31.71, 21.14, 88.79, 78.93, 69.06, '2012-08-03 15:13:37'),
(245, 17, '2.7', '6', 46.61, 36.25, 25.89, 63.66, 60.48, 54.11, 41.20, 30.90, 20.60, 84.31, 74.94, 65.58, '2012-08-03 15:13:37'),
(246, 18, '2.7', '6', 46.61, 36.25, 25.89, 72.18, 68.57, 61.35, 41.20, 30.90, 20.60, 84.31, 74.94, 65.58, '2012-08-03 15:13:37'),
(247, 19, '2.7', '6', 46.61, 36.25, 25.89, 83.24, 74.48, 65.72, 41.20, 30.90, 20.60, 84.31, 74.94, 65.58, '2012-08-03 15:13:37'),
(248, 20, '2.7', '6', 82.08, 63.84, 45.60, 59.14, 56.18, 50.27, 71.41, 53.56, 35.70, 125.12, 111.22, 97.31, '2012-08-03 15:13:37'),
(249, 21, '2.7', '6', 30.22, 23.51, 16.79, 54.08, 51.38, 45.97, 37.30, 27.97, 18.65, 76.01, 67.57, 59.12, '2012-08-03 15:13:37'),
(250, 22, '2.7', '6', 30.22, 23.51, 16.79, 53.18, 50.52, 45.20, 37.30, 27.97, 18.65, 76.01, 67.57, 59.12, '2012-08-03 15:13:37'),
(251, 23, '2.7', '6', 34.58, 26.89, 19.21, 56.70, 50.73, 44.76, 42.28, 31.71, 21.14, 88.79, 78.93, 69.06, '2012-08-03 15:13:37'),
(252, 24, '2.7', '6', 34.58, 26.89, 19.21, 53.33, 47.72, 42.11, 42.28, 31.71, 21.14, 88.79, 78.93, 69.06, '2012-08-03 15:13:37'),
(253, 25, '2.7', '6', 34.58, 26.89, 19.21, 80.77, 72.27, 63.77, 42.28, 31.71, 21.14, 88.79, 78.93, 69.06, '2012-08-03 15:13:37'),
(254, 26, '2.7', '6', 34.58, 26.89, 19.21, 55.99, 50.10, 44.21, 42.28, 31.71, 21.14, 88.79, 78.93, 69.06, '2012-08-03 15:13:37'),
(255, 27, '2.7', '6', 46.61, 36.25, 25.89, 47.00, 44.65, 39.95, 41.20, 30.90, 20.60, 84.31, 74.94, 65.58, '2012-08-03 15:13:37'),
(256, 28, '2.7', '6', 46.61, 36.25, 25.89, 124.83, 111.69, 98.55, 41.20, 30.90, 20.60, 84.31, 74.94, 65.58, '2012-08-03 15:13:37'),
(257, 29, '2.7', '6', 46.61, 36.25, 25.89, 77.16, 73.30, 65.59, 41.20, 30.90, 20.60, 84.31, 74.94, 65.58, '2012-08-03 15:13:37'),
(258, 30, '2.7', '6', 27.72, 21.56, 15.40, 58.66, 55.73, 49.86, 41.20, 30.90, 20.60, 84.31, 74.94, 65.58, '2012-08-03 15:13:37'),
(259, 31, '2.7', '6', 46.61, 36.25, 25.89, 60.16, 57.15, 51.14, 41.20, 30.90, 20.60, 84.31, 74.94, 65.58, '2012-08-03 15:13:37'),
(260, 32, '2.7', '6', 30.67, 23.85, 17.04, 57.02, 54.17, 48.47, 38.30, 28.73, 19.15, 83.23, 73.98, 64.74, '2012-08-03 15:13:37'),
(261, 33, '2.7', '6', 30.67, 23.85, 17.04, 48.66, 46.23, 41.36, 38.30, 28.73, 19.15, 83.23, 73.98, 64.74, '2012-08-03 15:13:37'),
(262, 34, '2.7', '6', 82.08, 63.84, 45.60, 104.37, 93.38, 82.40, 71.41, 53.56, 35.70, 125.12, 111.22, 97.31, '2012-08-03 15:13:37'),
(263, 35, '2.7', '6', 82.08, 63.84, 45.60, 100.57, 89.98, 79.40, 71.41, 53.56, 35.70, 125.12, 111.22, 97.31, '2012-08-03 15:13:37'),
(264, 36, '2.7', '6', 62.59, 48.68, 34.77, 52.97, 47.40, 41.82, 70.39, 52.79, 35.20, 122.36, 108.77, 95.17, '2012-08-03 15:13:37'),
(265, 37, '2.7', '6', 30.67, 23.85, 17.04, 47.06, 44.71, 40.00, 38.30, 28.73, 19.15, 83.23, 73.98, 64.74, '2012-08-03 15:13:37'),
(266, 38, '2.7', '6', 34.58, 26.89, 19.21, 86.12, 81.81, 73.20, 37.06, 27.79, 18.53, 80.78, 71.81, 62.83, '2012-08-03 15:13:37'),
(267, 1, '3.2', '7', 72.50, 64.87, 57.24, 52.36, 46.85, 41.34, 26.30, 19.73, 13.15, 52.31, 46.50, 40.68, '2012-08-03 15:13:37'),
(268, 2, '3.2', '7', 61.31, 54.10, 50.49, 52.92, 50.27, 44.98, 40.50, 30.38, 20.25, 88.51, 78.67, 68.84, '2012-08-03 15:13:37'),
(269, 3, '3.2', '7', 71.19, 62.81, 58.62, 67.80, 64.41, 57.63, 45.37, 34.03, 22.68, 96.25, 85.55, 74.86, '2012-08-03 15:13:37'),
(270, 4, '3.2', '7', 61.31, 54.10, 50.49, 57.66, 54.78, 49.01, 40.50, 30.38, 20.25, 88.51, 78.67, 68.84, '2012-08-03 15:13:37'),
(271, 5, '3.2', '7', 128.43, 113.32, 105.77, 97.68, 87.40, 77.12, 77.49, 58.12, 38.74, 138.89, 123.46, 108.02, '2012-08-03 15:13:37'),
(272, 6, '3.2', '7', 120.88, 113.32, 105.77, 129.68, 116.03, 102.38, 74.93, 56.20, 37.46, 135.85, 120.75, 105.66, '2012-08-03 15:13:37'),
(273, 7, '3.2', '7', 61.31, 57.71, 54.10, 94.26, 84.34, 74.42, 39.98, 29.99, 19.99, 85.75, 76.22, 66.70, '2012-08-03 15:13:37'),
(274, 8, '3.2', '7', 36.42, 28.33, 20.23, 62.80, 56.19, 49.58, 43.11, 32.33, 21.56, 95.42, 84.82, 74.21, '2012-08-03 15:13:37'),
(275, 9, '3.2', '7', 31.94, 24.84, 17.75, 53.30, 50.64, 45.31, 39.57, 29.68, 19.78, 82.13, 73.01, 63.88, '2012-08-03 15:13:37'),
(276, 10, '3.2', '7', 37.46, 29.14, 20.81, 94.72, 84.75, 74.78, 46.02, 34.51, 23.01, 97.69, 86.83, 75.98, '2012-08-03 15:13:37'),
(277, 11, '3.2', '7', 37.46, 29.14, 20.81, 50.54, 45.22, 39.90, 44.93, 33.70, 22.46, 96.50, 85.78, 75.05, '2012-08-03 15:13:37'),
(278, 12, '3.2', '7', 75.09, 58.40, 41.72, 0.00, 0.00, 0.00, 77.49, 58.12, 38.74, 138.89, 123.46, 108.02, '2012-08-03 15:13:37'),
(279, 13, '3.2', '7', 37.46, 29.14, 20.81, 67.32, 60.23, 53.15, 46.02, 34.51, 23.01, 97.69, 86.83, 75.98, '2012-08-03 15:13:37'),
(280, 14, '3.2', '7', 37.46, 29.14, 20.81, 98.74, 88.35, 77.96, 40.69, 30.52, 20.34, 80.03, 71.14, 62.24, '2012-08-03 15:13:37'),
(281, 15, '3.2', '7', 50.60, 39.36, 28.11, 78.57, 70.30, 62.03, 44.84, 33.63, 22.42, 92.75, 82.45, 72.14, '2012-08-03 15:13:37'),
(282, 16, '3.2', '7', 37.46, 29.14, 20.81, 76.51, 68.46, 60.41, 46.02, 34.51, 23.01, 97.69, 86.83, 75.98, '2012-08-03 15:13:37'),
(283, 17, '3.2', '7', 50.60, 39.36, 28.11, 69.76, 66.27, 59.30, 44.84, 33.63, 22.42, 92.75, 82.45, 72.14, '2012-08-03 15:13:37'),
(284, 18, '3.2', '7', 50.60, 39.36, 28.11, 76.82, 72.98, 65.30, 44.84, 33.63, 22.42, 92.75, 82.45, 72.14, '2012-08-03 15:13:37'),
(285, 19, '3.2', '7', 50.60, 39.36, 28.11, 90.19, 80.70, 71.21, 44.84, 33.63, 22.42, 92.75, 82.45, 72.14, '2012-08-03 15:13:37'),
(286, 20, '3.2', '7', 89.07, 69.27, 49.48, 63.18, 60.02, 53.70, 77.49, 58.12, 38.74, 138.89, 123.46, 108.02, '2012-08-03 15:13:37'),
(287, 21, '3.2', '7', 31.94, 24.84, 17.75, 58.76, 55.82, 49.95, 39.57, 29.68, 19.78, 82.13, 73.01, 63.88, '2012-08-03 15:13:37'),
(288, 22, '3.2', '7', 31.94, 24.84, 17.75, 58.38, 55.46, 49.62, 39.57, 29.68, 19.78, 82.13, 73.01, 63.88, '2012-08-03 15:13:37'),
(289, 23, '3.2', '7', 37.46, 29.14, 20.81, 62.47, 55.90, 49.32, 46.02, 34.51, 23.01, 97.69, 86.83, 75.98, '2012-08-03 15:13:37'),
(290, 24, '3.2', '7', 37.46, 29.14, 20.81, 59.39, 53.14, 46.89, 46.02, 34.51, 23.01, 97.69, 86.83, 75.98, '2012-08-03 15:13:37'),
(291, 25, '3.2', '7', 37.46, 29.14, 20.81, 88.26, 78.97, 69.68, 46.02, 34.51, 23.01, 97.69, 86.83, 75.98, '2012-08-03 15:13:37'),
(292, 26, '3.2', '7', 37.46, 29.14, 20.81, 61.58, 55.10, 48.62, 46.02, 34.51, 23.01, 97.69, 86.83, 75.98, '2012-08-03 15:13:37'),
(293, 27, '3.2', '7', 50.60, 39.36, 28.11, 50.40, 47.88, 42.84, 44.84, 33.63, 22.42, 92.75, 82.45, 72.14, '2012-08-03 15:13:37'),
(294, 28, '3.2', '7', 50.60, 39.36, 28.11, 130.76, 116.99, 103.23, 44.84, 33.63, 22.42, 92.75, 82.45, 72.14, '2012-08-03 15:13:37'),
(295, 29, '3.2', '7', 50.60, 39.36, 28.11, 81.84, 77.75, 69.56, 44.84, 33.63, 22.42, 92.75, 82.45, 72.14, '2012-08-03 15:13:37'),
(296, 30, '3.2', '7', 30.26, 23.53, 16.81, 64.04, 60.84, 54.43, 44.84, 33.63, 22.42, 92.75, 82.45, 72.14, '2012-08-03 15:13:37'),
(297, 31, '3.2', '7', 50.60, 39.36, 28.11, 67.28, 63.92, 57.19, 44.84, 33.63, 22.42, 92.75, 82.45, 72.14, '2012-08-03 15:13:37'),
(298, 32, '3.2', '7', 32.46, 25.25, 18.03, 61.06, 58.01, 51.90, 40.50, 30.38, 20.25, 88.51, 78.67, 68.84, '2012-08-03 15:13:37'),
(299, 33, '3.2', '7', 32.46, 25.25, 18.03, 50.94, 48.39, 43.30, 40.50, 30.38, 20.25, 88.51, 78.67, 68.84, '2012-08-03 15:13:37'),
(300, 34, '3.2', '7', 89.07, 69.27, 49.48, 110.45, 98.82, 87.20, 77.49, 58.12, 38.74, 138.89, 123.46, 108.02, '2012-08-03 15:13:37'),
(301, 35, '3.2', '7', 89.07, 69.27, 49.48, 110.39, 98.77, 87.15, 77.49, 58.12, 38.74, 138.89, 123.46, 108.02, '2012-08-03 15:13:37'),
(302, 36, '3.2', '7', 67.99, 52.88, 37.77, 57.34, 51.31, 45.27, 74.93, 56.20, 37.46, 135.85, 120.75, 105.66, '2012-08-03 15:13:37'),
(303, 37, '3.2', '7', 32.46, 25.25, 18.03, 49.02, 46.57, 41.67, 40.50, 30.38, 20.25, 88.51, 78.67, 68.84, '2012-08-03 15:13:37'),
(304, 38, '3.2', '7', 37.46, 29.14, 20.81, 95.82, 91.03, 81.45, 39.98, 29.99, 19.99, 85.75, 76.22, 66.70, '2012-08-03 15:13:37'),
(305, 1, '3.6', '8', 78.50, 70.24, 61.98, 56.16, 50.25, 44.34, 27.57, 20.68, 13.78, 55.21, 49.07, 42.94, '2012-08-03 15:13:37'),
(306, 2, '3.6', '8', 64.24, 56.68, 52.91, 55.32, 52.55, 47.02, 42.52, 31.89, 21.26, 92.79, 82.48, 72.17, '2012-08-03 15:13:37'),
(307, 3, '3.6', '8', 75.84, 66.92, 62.46, 72.28, 68.67, 61.44, 48.40, 36.30, 24.20, 104.80, 93.15, 81.51, '2012-08-03 15:13:37'),
(308, 4, '3.6', '8', 64.24, 56.68, 52.91, 61.06, 58.01, 51.90, 42.52, 31.89, 21.26, 92.79, 82.48, 72.17, '2012-08-03 15:13:37'),
(309, 5, '3.6', '8', 137.89, 121.67, 113.56, 107.94, 96.58, 85.22, 83.22, 62.42, 41.61, 140.87, 125.22, 109.56, '2012-08-03 15:13:37'),
(310, 6, '3.6', '8', 129.78, 121.67, 113.56, 139.06, 124.42, 109.79, 80.48, 60.36, 40.24, 137.77, 122.46, 107.16, '2012-08-03 15:13:37'),
(311, 7, '3.6', '8', 65.51, 61.66, 57.80, 97.83, 87.53, 77.24, 42.70, 32.03, 21.35, 86.47, 76.86, 67.26, '2012-08-03 15:13:37'),
(312, 8, '3.6', '8', 39.21, 30.50, 21.78, 67.91, 60.76, 53.61, 45.90, 34.43, 22.95, 99.61, 88.54, 77.48, '2012-08-03 15:13:37'),
(313, 9, '3.6', '8', 34.18, 26.58, 18.99, 57.46, 54.59, 48.84, 42.19, 31.64, 21.10, 84.98, 75.54, 66.09, '2012-08-03 15:13:37'),
(314, 10, '3.6', '8', 40.53, 31.52, 22.52, 105.13, 94.06, 83.00, 49.56, 37.17, 24.78, 105.39, 93.68, 81.97, '2012-08-03 15:13:37'),
(315, 11, '3.6', '8', 40.53, 31.52, 22.52, 54.57, 48.82, 43.08, 48.59, 36.44, 24.30, 103.66, 92.14, 80.63, '2012-08-03 15:13:37'),
(316, 12, '3.6', '8', 81.83, 63.64, 45.46, 0.00, 0.00, 0.00, 83.22, 62.42, 41.61, 140.87, 125.22, 109.56, '2012-08-03 15:13:37'),
(317, 13, '3.6', '8', 40.53, 31.52, 22.52, 72.58, 64.94, 57.30, 49.56, 37.17, 24.78, 105.39, 93.68, 81.97, '2012-08-03 15:13:37'),
(318, 14, '3.6', '8', 40.53, 31.52, 22.52, 106.44, 95.23, 84.03, 43.09, 32.32, 21.54, 81.97, 72.86, 63.76, '2012-08-03 15:13:37'),
(319, 15, '3.6', '8', 54.58, 42.45, 30.32, 84.82, 75.89, 66.96, 48.30, 36.22, 24.15, 100.08, 88.96, 77.84, '2012-08-03 15:13:37'),
(320, 16, '3.6', '8', 40.53, 31.52, 22.52, 82.04, 73.41, 64.77, 49.56, 37.17, 24.78, 105.39, 93.68, 81.97, '2012-08-03 15:13:37'),
(321, 17, '3.6', '8', 54.58, 42.45, 30.32, 75.86, 72.07, 64.48, 48.30, 36.22, 24.15, 100.08, 88.96, 77.84, '2012-08-03 15:13:37'),
(322, 18, '3.6', '8', 54.58, 42.45, 30.32, 81.46, 77.39, 69.24, 48.30, 36.22, 24.15, 100.08, 88.96, 77.84, '2012-08-03 15:13:37'),
(323, 19, '3.6', '8', 54.58, 42.45, 30.32, 97.15, 86.92, 76.70, 48.30, 36.22, 24.15, 100.08, 88.96, 77.84, '2012-08-03 15:13:37'),
(324, 20, '3.6', '8', 95.73, 74.46, 53.18, 67.22, 63.86, 57.14, 83.22, 62.42, 41.61, 140.87, 125.22, 109.56, '2012-08-03 15:13:37'),
(325, 21, '3.6', '8', 34.18, 26.58, 18.99, 63.44, 60.27, 53.92, 42.19, 31.64, 21.10, 84.98, 75.54, 66.09, '2012-08-03 15:13:37'),
(326, 22, '3.6', '8', 34.18, 26.58, 18.99, 63.58, 60.40, 54.04, 42.19, 31.64, 21.10, 84.98, 75.54, 66.09, '2012-08-03 15:13:37'),
(327, 23, '3.6', '8', 40.53, 31.52, 22.52, 68.25, 61.06, 53.88, 49.56, 37.17, 24.78, 105.39, 93.68, 81.97, '2012-08-03 15:13:37'),
(328, 24, '3.6', '8', 40.53, 31.52, 22.52, 65.46, 58.57, 51.68, 49.56, 37.17, 24.78, 105.39, 93.68, 81.97, '2012-08-03 15:13:37'),
(329, 25, '3.6', '8', 40.53, 31.52, 22.52, 95.74, 85.66, 75.59, 49.56, 37.17, 24.78, 105.39, 93.68, 81.97, '2012-08-03 15:13:37'),
(330, 26, '3.6', '8', 40.53, 31.52, 22.52, 67.17, 60.10, 53.03, 49.56, 37.17, 24.78, 105.39, 93.68, 81.97, '2012-08-03 15:13:37'),
(331, 27, '3.6', '8', 54.58, 42.45, 30.32, 53.80, 51.11, 45.73, 48.30, 36.22, 24.15, 100.08, 88.96, 77.84, '2012-08-03 15:13:37'),
(332, 28, '3.6', '8', 54.58, 42.45, 30.32, 136.69, 122.30, 107.91, 48.30, 36.22, 24.15, 100.08, 88.96, 77.84, '2012-08-03 15:13:37'),
(333, 29, '3.6', '8', 54.58, 42.45, 30.32, 86.52, 82.19, 73.54, 48.30, 36.22, 24.15, 100.08, 88.96, 77.84, '2012-08-03 15:13:37'),
(334, 30, '3.6', '8', 32.80, 25.51, 18.22, 69.42, 65.95, 59.01, 48.30, 36.22, 24.15, 100.08, 88.96, 77.84, '2012-08-03 15:13:37'),
(335, 31, '3.6', '8', 54.58, 42.45, 30.32, 74.40, 70.68, 63.24, 48.30, 36.22, 24.15, 100.08, 88.96, 77.84, '2012-08-03 15:13:37'),
(336, 32, '3.6', '8', 34.01, 26.45, 18.89, 65.10, 61.85, 55.34, 42.52, 31.89, 21.26, 92.79, 82.48, 72.17, '2012-08-03 15:13:37'),
(337, 33, '3.6', '8', 34.01, 26.45, 18.89, 53.22, 50.56, 45.24, 42.52, 31.89, 21.26, 92.79, 82.48, 72.17, '2012-08-03 15:13:37'),
(338, 34, '3.6', '8', 95.73, 74.46, 53.18, 116.53, 104.26, 92.00, 83.22, 62.42, 41.61, 140.87, 125.22, 109.56, '2012-08-03 15:13:37'),
(339, 35, '3.6', '8', 95.73, 74.46, 53.18, 120.21, 107.56, 94.91, 83.22, 62.42, 41.61, 140.87, 125.22, 109.56, '2012-08-03 15:13:37'),
(340, 36, '3.6', '8', 73.00, 56.78, 40.56, 61.71, 55.22, 48.72, 80.48, 60.36, 40.24, 137.77, 122.46, 107.16, '2012-08-03 15:13:37'),
(341, 37, '3.6', '8', 34.01, 26.45, 18.89, 50.98, 48.43, 43.33, 42.52, 31.89, 21.26, 92.79, 82.48, 72.17, '2012-08-03 15:13:37'),
(342, 38, '3.6', '8', 40.53, 31.52, 22.52, 105.52, 100.24, 89.69, 42.70, 32.03, 21.35, 86.47, 76.86, 67.26, '2012-08-03 15:13:37'),
(343, 1, '4.1', '9', 83.13, 74.38, 65.63, 59.96, 53.65, 47.34, 28.56, 21.42, 14.28, 55.85, 49.65, 43.44, '2012-08-03 15:13:37'),
(344, 2, '4.1', '9', 68.99, 60.87, 56.82, 57.72, 54.83, 49.06, 45.19, 33.89, 22.60, 95.13, 84.56, 73.99, '2012-08-03 15:13:37'),
(345, 3, '4.1', '9', 81.24, 71.68, 66.90, 76.76, 72.92, 65.25, 51.98, 38.99, 25.99, 110.61, 98.32, 86.03, '2012-08-03 15:13:37'),
(346, 4, '4.1', '9', 68.99, 60.87, 56.82, 64.46, 61.24, 54.79, 45.19, 33.89, 22.60, 95.13, 84.56, 73.99, '2012-08-03 15:13:37'),
(347, 5, '4.1', '9', 146.51, 129.28, 120.66, 118.20, 105.76, 93.32, 88.12, 66.09, 44.06, 161.77, 143.79, 125.82, '2012-08-03 15:13:37'),
(348, 6, '4.1', '9', 137.89, 129.28, 120.66, 148.45, 132.82, 117.20, 85.22, 63.91, 42.61, 158.24, 140.66, 123.07, '2012-08-03 15:13:37'),
(349, 7, '4.1', '9', 69.10, 65.03, 60.97, 101.40, 90.73, 80.06, 44.54, 33.41, 22.27, 94.05, 83.60, 73.15, '2012-08-03 15:13:37'),
(350, 8, '4.1', '9', 42.18, 32.81, 23.44, 73.02, 65.33, 57.65, 49.37, 37.03, 24.68, 102.06, 90.72, 79.38, '2012-08-03 15:13:37'),
(351, 9, '4.1', '9', 36.06, 28.05, 20.03, 61.62, 58.54, 52.38, 44.01, 33.01, 22.00, 86.94, 77.28, 67.62, '2012-08-03 15:13:37'),
(352, 10, '4.1', '9', 43.42, 33.77, 24.12, 115.54, 103.38, 91.22, 53.30, 39.98, 26.65, 112.57, 100.06, 87.56, '2012-08-03 15:13:37'),
(353, 11, '4.1', '9', 43.42, 33.77, 24.12, 58.60, 52.43, 46.26, 52.05, 39.04, 26.02, 111.42, 99.04, 86.66, '2012-08-03 15:13:37'),
(354, 12, '4.1', '9', 88.53, 68.85, 49.18, 0.00, 0.00, 0.00, 88.12, 66.09, 44.06, 161.77, 143.79, 125.82, '2012-08-03 15:13:37'),
(355, 13, '4.1', '9', 43.42, 33.77, 24.12, 77.84, 69.65, 61.46, 53.30, 39.98, 26.65, 112.57, 100.06, 87.56, '2012-08-03 15:13:37'),
(356, 14, '4.1', '9', 43.42, 33.77, 24.12, 114.13, 102.12, 90.11, 43.33, 32.50, 21.66, 86.90, 77.25, 67.59, '2012-08-03 15:13:37'),
(357, 15, '4.1', '9', 58.78, 45.72, 32.66, 91.07, 81.48, 71.90, 51.94, 38.95, 25.97, 106.88, 95.01, 83.13, '2012-08-03 15:13:37'),
(358, 16, '4.1', '9', 43.42, 33.77, 24.12, 87.57, 78.35, 69.14, 53.30, 39.98, 26.65, 112.57, 100.06, 87.56, '2012-08-03 15:13:37'),
(359, 17, '4.1', '9', 58.78, 45.72, 32.66, 81.96, 77.86, 69.67, 51.94, 38.95, 25.97, 106.88, 95.01, 83.13, '2012-08-03 15:13:37'),
(360, 18, '4.1', '9', 58.78, 45.72, 32.66, 86.10, 81.80, 73.19, 51.94, 38.95, 25.97, 106.88, 95.01, 83.13, '2012-08-03 15:13:37'),
(361, 19, '4.1', '9', 58.78, 45.72, 32.66, 104.10, 93.14, 82.19, 51.94, 38.95, 25.97, 106.88, 95.01, 83.13, '2012-08-03 15:13:37'),
(362, 20, '4.1', '9', 101.80, 79.18, 56.56, 71.26, 67.70, 60.57, 88.12, 66.09, 44.06, 161.77, 143.79, 125.82, '2012-08-03 15:13:37'),
(363, 21, '4.1', '9', 36.06, 28.05, 20.03, 68.12, 64.71, 57.90, 44.01, 33.01, 22.00, 86.94, 77.28, 67.62, '2012-08-03 15:13:37'),
(364, 22, '4.1', '9', 36.06, 28.05, 20.03, 68.78, 65.34, 58.46, 44.01, 33.01, 22.00, 86.94, 77.28, 67.62, '2012-08-03 15:13:37'),
(365, 23, '4.1', '9', 43.42, 33.77, 24.12, 74.02, 66.23, 58.44, 53.30, 39.98, 26.65, 112.57, 100.06, 87.56, '2012-08-03 15:13:37'),
(366, 24, '4.1', '9', 43.42, 33.77, 24.12, 71.52, 63.99, 56.46, 53.30, 39.98, 26.65, 112.57, 100.06, 87.56, '2012-08-03 15:13:37'),
(367, 25, '4.1', '9', 43.42, 33.77, 24.12, 103.23, 92.36, 81.50, 53.30, 39.98, 26.65, 112.57, 100.06, 87.56, '2012-08-03 15:13:37'),
(368, 26, '4.1', '9', 43.42, 33.77, 24.12, 72.75, 65.09, 57.44, 53.30, 39.98, 26.65, 112.57, 100.06, 87.56, '2012-08-03 15:13:37'),
(369, 27, '4.1', '9', 58.78, 45.72, 32.66, 57.20, 54.34, 48.62, 51.94, 38.95, 25.97, 106.88, 95.01, 83.13, '2012-08-03 15:13:37'),
(370, 28, '4.1', '9', 58.78, 45.72, 32.66, 142.61, 127.60, 112.59, 51.94, 38.95, 25.97, 106.88, 95.01, 83.13, '2012-08-03 15:13:37'),
(371, 29, '4.1', '9', 58.78, 45.72, 32.66, 91.20, 86.64, 77.52, 51.94, 38.95, 25.97, 106.88, 95.01, 83.13, '2012-08-03 15:13:37'),
(372, 30, '4.1', '9', 35.34, 27.49, 19.64, 74.80, 71.06, 63.58, 51.94, 38.95, 25.97, 106.88, 95.01, 83.13, '2012-08-03 15:13:37'),
(373, 31, '4.1', '9', 58.78, 45.72, 32.66, 81.52, 77.44, 69.29, 51.94, 38.95, 25.97, 106.88, 95.01, 83.13, '2012-08-03 15:13:37'),
(374, 32, '4.1', '9', 36.52, 28.41, 20.29, 69.14, 65.68, 58.77, 45.19, 33.89, 22.60, 95.13, 84.56, 73.99, '2012-08-03 15:13:37'),
(375, 33, '4.1', '9', 36.52, 28.41, 20.29, 55.50, 52.73, 47.18, 45.19, 33.89, 22.60, 95.13, 84.56, 73.99, '2012-08-03 15:13:37'),
(376, 34, '4.1', '9', 101.80, 79.18, 56.56, 122.61, 109.70, 96.80, 88.12, 66.09, 44.06, 161.77, 143.79, 125.82, '2012-08-03 15:13:37'),
(377, 35, '4.1', '9', 101.80, 79.18, 56.56, 130.04, 116.35, 102.66, 88.12, 66.09, 44.06, 161.77, 143.79, 125.82, '2012-08-03 15:13:37'),
(378, 36, '4.1', '9', 77.57, 60.33, 43.09, 66.08, 59.13, 52.17, 85.22, 63.91, 42.61, 158.24, 140.66, 123.07, '2012-08-03 15:13:37'),
(379, 37, '4.1', '9', 36.52, 28.41, 20.29, 52.94, 50.29, 45.00, 45.19, 33.89, 22.60, 95.13, 84.56, 73.99, '2012-08-03 15:13:37'),
(380, 38, '4.1', '9', 43.42, 33.77, 24.12, 115.22, 109.46, 97.94, 44.54, 33.41, 22.27, 94.05, 83.60, 73.15, '2012-08-03 15:13:37'),
(381, 1, '4.5', '10', 87.60, 78.38, 69.16, 63.76, 57.05, 50.34, 29.65, 22.24, 14.82, 57.51, 51.12, 44.73, '2012-08-03 15:13:37'),
(382, 2, '4.5', '10', 73.17, 64.56, 60.26, 60.12, 57.11, 51.10, 47.67, 35.75, 23.84, 95.65, 85.02, 74.40, '2012-08-03 15:13:37'),
(383, 3, '4.5', '10', 85.38, 75.33, 70.31, 81.24, 77.18, 69.05, 54.46, 40.85, 27.23, 116.17, 103.26, 90.36, '2012-08-03 15:13:37'),
(384, 4, '4.5', '10', 73.17, 64.56, 60.26, 67.86, 64.47, 57.68, 47.67, 35.75, 23.84, 95.65, 85.02, 74.40, '2012-08-03 15:13:37'),
(385, 5, '4.5', '10', 153.58, 135.51, 126.48, 128.46, 114.94, 101.42, 88.61, 66.46, 44.30, 173.02, 153.79, 134.57, '2012-08-03 15:13:37'),
(386, 6, '4.5', '10', 144.55, 135.51, 126.48, 157.83, 141.22, 124.61, 85.69, 64.27, 42.84, 169.24, 150.43, 131.63, '2012-08-03 15:13:37');
INSERT INTO `pricelist` (`pricelist_id`, `continents_id`, `weight_kg`, `weight_lbs`, `DHL_cost_std`, `DHL_cost_prem`, `DHL_cost_bus`, `TNT_cost_std`, `TNT_cost_prem`, `TNT_cost_bus`, `Fedex_cost_std`, `Fedex_cost_prem`, `Fedex_cost_bus`, `Fedex_Eco_cost_std`, `Fedex_Eco_cost_prem`, `Fedex_Eco_cost_bus`, `create_date`) VALUES
(387, 7, '4.5', '10', 72.31, 68.06, 63.80, 104.98, 93.93, 82.88, 44.73, 33.55, 22.36, 94.81, 84.27, 73.74, '2012-08-03 15:13:37'),
(388, 8, '4.5', '10', 44.97, 34.98, 24.98, 78.13, 69.90, 61.68, 51.99, 38.99, 26.00, 113.80, 101.15, 88.51, '2012-08-03 15:13:37'),
(389, 9, '4.5', '10', 37.61, 29.25, 20.90, 65.78, 62.49, 55.91, 45.40, 34.05, 22.70, 87.98, 78.21, 68.43, '2012-08-03 15:13:37'),
(390, 10, '4.5', '10', 46.66, 36.29, 25.92, 125.95, 112.69, 99.44, 56.94, 42.71, 28.47, 115.13, 102.34, 89.54, '2012-08-03 15:13:37'),
(391, 11, '4.5', '10', 46.66, 36.29, 25.92, 62.62, 56.03, 49.44, 55.55, 41.66, 27.78, 118.06, 104.94, 91.83, '2012-08-03 15:13:37'),
(392, 12, '4.5', '10', 95.21, 74.05, 52.89, 0.00, 0.00, 0.00, 88.61, 66.46, 44.30, 173.02, 153.79, 134.57, '2012-08-03 15:13:37'),
(393, 13, '4.5', '10', 46.66, 36.29, 25.92, 83.11, 74.36, 65.61, 56.94, 42.71, 28.47, 115.13, 102.34, 89.54, '2012-08-03 15:13:37'),
(394, 14, '4.5', '10', 46.66, 36.29, 25.92, 121.83, 109.00, 96.18, 43.41, 32.56, 21.70, 91.13, 81.01, 70.88, '2012-08-03 15:13:37'),
(395, 15, '4.5', '10', 62.23, 48.40, 34.57, 97.32, 87.07, 76.83, 55.49, 41.62, 27.74, 109.33, 97.18, 85.04, '2012-08-03 15:13:37'),
(396, 16, '4.5', '10', 46.66, 36.29, 25.92, 93.10, 83.30, 73.50, 56.94, 42.71, 28.47, 115.13, 102.34, 89.54, '2012-08-03 15:13:37'),
(397, 17, '4.5', '10', 62.23, 48.40, 34.57, 88.06, 83.66, 74.85, 55.49, 41.62, 27.74, 109.33, 97.18, 85.04, '2012-08-03 15:13:37'),
(398, 18, '4.5', '10', 62.23, 48.40, 34.57, 90.74, 86.20, 77.13, 55.49, 41.62, 27.74, 109.33, 97.18, 85.04, '2012-08-03 15:13:37'),
(399, 19, '4.5', '10', 62.23, 48.40, 34.57, 111.06, 99.37, 87.68, 55.49, 41.62, 27.74, 109.33, 97.18, 85.04, '2012-08-03 15:13:37'),
(400, 20, '4.5', '10', 106.66, 82.96, 59.26, 75.30, 71.54, 64.01, 88.61, 66.46, 44.30, 173.02, 153.79, 134.57, '2012-08-03 15:13:37'),
(401, 21, '4.5', '10', 37.61, 29.25, 20.90, 72.80, 69.16, 61.88, 45.40, 34.05, 22.70, 87.98, 78.21, 68.43, '2012-08-03 15:13:37'),
(402, 22, '4.5', '10', 37.61, 29.25, 20.90, 73.98, 70.28, 62.88, 45.40, 34.05, 22.70, 87.98, 78.21, 68.43, '2012-08-03 15:13:37'),
(403, 23, '4.5', '10', 46.66, 36.29, 25.92, 79.80, 71.40, 63.00, 56.94, 42.71, 28.47, 115.13, 102.34, 89.54, '2012-08-03 15:13:37'),
(404, 24, '4.5', '10', 46.66, 36.29, 25.92, 77.58, 69.41, 61.25, 56.94, 42.71, 28.47, 115.13, 102.34, 89.54, '2012-08-03 15:13:37'),
(405, 25, '4.5', '10', 46.66, 36.29, 25.92, 110.71, 99.06, 87.41, 56.94, 42.71, 28.47, 115.13, 102.34, 89.54, '2012-08-03 15:13:37'),
(406, 26, '4.5', '10', 46.66, 36.29, 25.92, 78.34, 70.09, 61.85, 56.94, 42.71, 28.47, 115.13, 102.34, 89.54, '2012-08-03 15:13:37'),
(407, 27, '4.5', '10', 62.23, 48.40, 34.57, 60.60, 57.57, 51.51, 55.49, 41.62, 27.74, 109.33, 97.18, 85.04, '2012-08-03 15:13:37'),
(408, 28, '4.5', '10', 62.23, 48.40, 34.57, 148.54, 132.91, 117.27, 55.49, 41.62, 27.74, 109.33, 97.18, 85.04, '2012-08-03 15:13:37'),
(409, 29, '4.5', '10', 62.23, 48.40, 34.57, 95.88, 91.09, 81.50, 55.49, 41.62, 27.74, 109.33, 97.18, 85.04, '2012-08-03 15:13:37'),
(410, 30, '4.5', '10', 37.89, 29.47, 21.05, 80.18, 76.17, 68.15, 55.49, 41.62, 27.74, 109.33, 97.18, 85.04, '2012-08-03 15:13:37'),
(411, 31, '4.5', '10', 62.23, 48.40, 34.57, 88.64, 84.21, 75.34, 55.49, 41.62, 27.74, 109.33, 97.18, 85.04, '2012-08-03 15:13:37'),
(412, 32, '4.5', '10', 38.74, 30.13, 21.52, 73.18, 69.52, 62.20, 47.67, 35.75, 23.84, 95.65, 85.02, 74.40, '2012-08-03 15:13:37'),
(413, 33, '4.5', '10', 38.74, 30.13, 21.52, 57.78, 54.89, 49.11, 47.67, 35.75, 23.84, 95.65, 85.02, 74.40, '2012-08-03 15:13:37'),
(414, 34, '4.5', '10', 106.66, 82.96, 59.26, 128.69, 115.14, 101.60, 88.61, 66.46, 44.30, 173.02, 153.79, 134.57, '2012-08-03 15:13:37'),
(415, 35, '4.5', '10', 106.66, 82.96, 59.26, 139.86, 125.14, 110.42, 88.61, 66.46, 44.30, 173.02, 153.79, 134.57, '2012-08-03 15:13:37'),
(416, 36, '4.5', '10', 81.31, 63.24, 45.17, 70.45, 63.04, 55.62, 85.69, 64.27, 42.84, 169.24, 150.43, 131.63, '2012-08-03 15:13:37'),
(417, 37, '4.5', '10', 38.74, 30.13, 21.52, 54.90, 52.16, 46.67, 47.67, 35.75, 23.84, 95.65, 85.02, 74.40, '2012-08-03 15:13:37'),
(418, 38, '4.5', '10', 46.66, 36.29, 25.92, 124.92, 118.67, 106.18, 44.73, 33.55, 22.36, 94.81, 84.27, 73.74, '2012-08-03 15:13:37'),
(419, 1, '5', '11', 90.71, 81.16, 71.62, 67.56, 60.45, 53.34, 30.68, 23.01, 15.34, 59.69, 53.06, 46.42, '2012-08-03 15:13:37'),
(420, 2, '5', '11', 76.36, 67.38, 62.89, 62.52, 59.39, 53.14, 48.42, 36.32, 24.21, 106.22, 94.42, 82.61, '2012-08-03 15:13:37'),
(421, 3, '5', '11', 89.52, 78.99, 73.72, 85.72, 81.43, 72.86, 57.50, 43.12, 28.75, 121.91, 108.37, 94.82, '2012-08-03 15:13:37'),
(422, 4, '5', '11', 76.36, 67.38, 62.89, 71.26, 67.70, 60.57, 48.42, 36.32, 24.21, 106.22, 94.42, 82.61, '2012-08-03 15:13:37'),
(423, 5, '5', '11', 163.51, 144.27, 134.65, 138.72, 124.12, 109.52, 91.87, 68.90, 45.94, 183.89, 163.46, 143.02, '2012-08-03 15:13:37'),
(424, 6, '5', '11', 153.89, 144.27, 134.65, 167.22, 149.62, 132.02, 88.83, 66.62, 44.42, 179.86, 159.87, 139.89, '2012-08-03 15:13:37'),
(425, 7, '5', '11', 75.38, 70.95, 66.51, 108.55, 97.12, 85.70, 45.60, 34.20, 22.80, 101.34, 90.08, 78.82, '2012-08-03 15:13:37'),
(426, 8, '5', '11', 47.58, 37.01, 26.43, 83.24, 74.48, 65.72, 55.46, 41.60, 27.73, 120.24, 106.88, 93.52, '2012-08-03 15:13:37'),
(427, 9, '5', '11', 39.22, 30.50, 21.79, 69.94, 66.44, 59.45, 47.98, 35.99, 23.99, 97.07, 86.29, 75.50, '2012-08-03 15:13:37'),
(428, 10, '5', '11', 49.21, 38.27, 27.34, 136.36, 122.01, 107.66, 58.92, 44.19, 29.46, 120.74, 107.33, 93.91, '2012-08-03 15:13:37'),
(429, 11, '5', '11', 49.21, 38.27, 27.34, 66.65, 59.64, 52.62, 59.14, 44.36, 29.57, 123.64, 109.90, 96.17, '2012-08-03 15:13:37'),
(430, 12, '5', '11', 100.98, 78.54, 56.10, 0.00, 0.00, 0.00, 91.87, 68.90, 45.94, 183.89, 163.46, 143.02, '2012-08-03 15:13:37'),
(431, 13, '5', '11', 49.21, 38.27, 27.34, 88.37, 79.07, 69.77, 58.92, 44.19, 29.46, 120.74, 107.33, 93.91, '2012-08-03 15:13:37'),
(432, 14, '5', '11', 49.21, 38.27, 27.34, 129.52, 115.89, 102.26, 44.97, 33.73, 22.48, 95.02, 84.46, 73.91, '2012-08-03 15:13:37'),
(433, 15, '5', '11', 65.74, 51.13, 36.52, 103.57, 92.67, 81.77, 57.42, 43.06, 28.71, 114.66, 101.92, 89.18, '2012-08-03 15:13:37'),
(434, 16, '5', '11', 49.21, 38.27, 27.34, 98.63, 88.25, 77.87, 58.92, 44.19, 29.46, 120.74, 107.33, 93.91, '2012-08-03 15:13:37'),
(435, 17, '5', '11', 65.74, 51.13, 36.52, 94.16, 89.45, 80.04, 57.42, 43.06, 28.71, 114.66, 101.92, 89.18, '2012-08-03 15:13:37'),
(436, 18, '5', '11', 65.74, 51.13, 36.52, 95.38, 90.61, 81.07, 57.42, 43.06, 28.71, 114.66, 101.92, 89.18, '2012-08-03 15:13:37'),
(437, 19, '5', '11', 65.74, 51.13, 36.52, 118.01, 105.59, 93.17, 57.42, 43.06, 28.71, 114.66, 101.92, 89.18, '2012-08-03 15:13:37'),
(438, 20, '5', '11', 113.55, 88.32, 63.08, 79.34, 75.37, 67.44, 91.87, 68.90, 45.94, 183.89, 163.46, 143.02, '2012-08-03 15:13:37'),
(439, 21, '5', '11', 39.22, 30.50, 21.79, 77.48, 73.61, 65.86, 47.98, 35.99, 23.99, 97.07, 86.29, 75.50, '2012-08-03 15:13:37'),
(440, 22, '5', '11', 39.22, 30.50, 21.79, 79.06, 75.11, 67.20, 47.98, 35.99, 23.99, 97.07, 86.29, 75.50, '2012-08-03 15:13:37'),
(441, 23, '5', '11', 49.21, 38.27, 27.34, 85.58, 76.57, 67.56, 58.92, 44.19, 29.46, 120.74, 107.33, 93.91, '2012-08-03 15:13:37'),
(442, 24, '5', '11', 49.21, 38.27, 27.34, 83.64, 74.83, 66.03, 58.92, 44.19, 29.46, 120.74, 107.33, 93.91, '2012-08-03 15:13:37'),
(443, 25, '5', '11', 49.21, 38.27, 27.34, 118.20, 105.76, 93.32, 58.92, 44.19, 29.46, 120.74, 107.33, 93.91, '2012-08-03 15:13:37'),
(444, 26, '5', '11', 49.21, 38.27, 27.34, 83.92, 75.09, 66.26, 58.92, 44.19, 29.46, 120.74, 107.33, 93.91, '2012-08-03 15:13:37'),
(445, 27, '5', '11', 65.74, 51.13, 36.52, 64.00, 60.80, 54.40, 57.42, 43.06, 28.71, 114.66, 101.92, 89.18, '2012-08-03 15:13:37'),
(446, 28, '5', '11', 65.74, 51.13, 36.52, 154.47, 138.21, 121.95, 57.42, 43.06, 28.71, 114.66, 101.92, 89.18, '2012-08-03 15:13:37'),
(447, 29, '5', '11', 65.74, 51.13, 36.52, 100.56, 95.53, 85.48, 57.42, 43.06, 28.71, 114.66, 101.92, 89.18, '2012-08-03 15:13:37'),
(448, 30, '5', '11', 40.43, 31.44, 22.46, 85.56, 81.28, 72.73, 57.42, 43.06, 28.71, 114.66, 101.92, 89.18, '2012-08-03 15:13:37'),
(449, 31, '5', '11', 65.74, 51.13, 36.52, 95.76, 90.97, 81.40, 57.42, 43.06, 28.71, 114.66, 101.92, 89.18, '2012-08-03 15:13:37'),
(450, 32, '5', '11', 40.43, 31.44, 22.46, 77.22, 73.36, 65.64, 48.42, 36.32, 24.21, 106.22, 94.42, 82.61, '2012-08-03 15:13:37'),
(451, 33, '5', '11', 40.43, 31.44, 22.46, 60.06, 57.06, 51.05, 48.42, 36.32, 24.21, 106.22, 94.42, 82.61, '2012-08-03 15:13:37'),
(452, 34, '5', '11', 113.55, 88.32, 63.08, 134.77, 120.58, 106.40, 91.87, 68.90, 45.94, 183.89, 163.46, 143.02, '2012-08-03 15:13:37'),
(453, 35, '5', '11', 113.55, 88.32, 63.08, 149.68, 133.93, 118.17, 91.87, 68.90, 45.94, 183.89, 163.46, 143.02, '2012-08-03 15:13:37'),
(454, 36, '5', '11', 86.56, 67.33, 48.09, 74.82, 66.95, 59.07, 88.83, 66.62, 44.42, 179.86, 159.87, 139.89, '2012-08-03 15:13:37'),
(455, 37, '5', '11', 40.43, 31.44, 22.46, 56.86, 54.02, 48.33, 48.42, 36.32, 24.21, 106.22, 94.42, 82.61, '2012-08-03 15:13:37'),
(456, 38, '5', '11', 49.21, 38.27, 27.34, 134.62, 127.89, 114.43, 45.60, 34.20, 22.80, 101.34, 90.08, 78.82, '2012-08-03 15:13:37'),
(457, 1, '5.4', '12', 93.82, 83.95, 74.07, 71.36, 63.85, 56.34, 30.81, 23.11, 15.40, 61.87, 54.99, 48.12, '2012-08-03 15:13:37'),
(458, 2, '5.4', '12', 79.56, 70.20, 65.52, 64.92, 61.67, 55.18, 48.69, 36.52, 24.34, 108.97, 96.86, 84.76, '2012-08-03 15:13:37'),
(459, 3, '5.4', '12', 93.66, 82.64, 77.13, 90.20, 85.69, 76.67, 59.71, 44.78, 29.86, 126.95, 112.85, 98.74, '2012-08-03 15:13:37'),
(460, 4, '5.4', '12', 79.56, 70.20, 65.52, 74.66, 70.93, 63.46, 48.69, 36.52, 24.34, 108.97, 96.86, 84.76, '2012-08-03 15:13:37'),
(461, 5, '5.4', '12', 173.43, 153.03, 142.83, 148.98, 133.30, 117.62, 92.66, 69.49, 46.33, 194.36, 172.77, 151.17, '2012-08-03 15:13:37'),
(462, 6, '5.4', '12', 163.23, 153.03, 142.83, 176.61, 158.02, 139.43, 90.04, 67.53, 45.02, 190.12, 168.99, 147.87, '2012-08-03 15:13:37'),
(463, 7, '5.4', '12', 78.45, 73.84, 69.22, 112.12, 100.32, 88.52, 47.06, 35.29, 23.53, 102.69, 91.28, 79.87, '2012-08-03 15:13:37'),
(464, 8, '5.4', '12', 50.19, 39.04, 27.88, 88.35, 79.05, 69.75, 55.92, 41.94, 27.96, 122.38, 108.78, 95.19, '2012-08-03 15:13:37'),
(465, 9, '5.4', '12', 40.82, 31.75, 22.68, 74.10, 70.40, 62.99, 48.53, 36.40, 24.26, 97.99, 87.10, 76.22, '2012-08-03 15:13:37'),
(466, 10, '5.4', '12', 51.75, 40.25, 28.75, 146.78, 131.33, 115.88, 59.35, 44.51, 29.68, 127.55, 113.38, 99.20, '2012-08-03 15:13:37'),
(467, 11, '5.4', '12', 51.75, 40.25, 28.75, 70.68, 63.24, 55.80, 62.52, 46.89, 31.26, 130.63, 116.11, 101.60, '2012-08-03 15:13:37'),
(468, 12, '5.4', '12', 106.76, 83.03, 59.31, 0.00, 0.00, 0.00, 92.66, 69.49, 46.33, 194.36, 172.77, 151.17, '2012-08-03 15:13:37'),
(469, 13, '5.4', '12', 51.75, 40.25, 28.75, 93.63, 83.78, 73.92, 59.35, 44.51, 29.68, 127.55, 113.38, 99.20, '2012-08-03 15:13:37'),
(470, 14, '5.4', '12', 51.75, 40.25, 28.75, 137.22, 122.77, 108.33, 46.46, 34.85, 23.23, 98.71, 87.74, 76.78, '2012-08-03 15:13:37'),
(471, 15, '5.4', '12', 69.26, 53.87, 38.48, 109.82, 98.26, 86.70, 58.36, 43.77, 29.18, 121.12, 107.66, 94.21, '2012-08-03 15:13:37'),
(472, 16, '5.4', '12', 51.75, 40.25, 28.75, 104.16, 93.19, 82.23, 59.35, 44.51, 29.68, 127.55, 113.38, 99.20, '2012-08-03 15:13:37'),
(473, 17, '5.4', '12', 69.26, 53.87, 38.48, 100.26, 95.25, 85.22, 58.36, 43.77, 29.18, 121.12, 107.66, 94.21, '2012-08-03 15:13:37'),
(474, 18, '5.4', '12', 69.26, 53.87, 38.48, 100.02, 95.02, 85.02, 58.36, 43.77, 29.18, 121.12, 107.66, 94.21, '2012-08-03 15:13:37'),
(475, 19, '5.4', '12', 69.26, 53.87, 38.48, 124.96, 111.81, 98.66, 58.36, 43.77, 29.18, 121.12, 107.66, 94.21, '2012-08-03 15:13:37'),
(476, 20, '5.4', '12', 120.44, 93.68, 66.91, 83.38, 79.21, 70.87, 92.66, 69.49, 46.33, 194.36, 172.77, 151.17, '2012-08-03 15:13:37'),
(477, 21, '5.4', '12', 40.82, 31.75, 22.68, 82.16, 78.05, 69.84, 48.53, 36.40, 24.26, 97.99, 87.10, 76.22, '2012-08-03 15:13:37'),
(478, 22, '5.4', '12', 40.82, 31.75, 22.68, 84.14, 79.93, 71.52, 48.53, 36.40, 24.26, 97.99, 87.10, 76.22, '2012-08-03 15:13:37'),
(479, 23, '5.4', '12', 51.75, 40.25, 28.75, 91.35, 81.74, 72.12, 59.35, 44.51, 29.68, 127.55, 113.38, 99.20, '2012-08-03 15:13:37'),
(480, 24, '5.4', '12', 51.75, 40.25, 28.75, 89.70, 80.26, 70.82, 59.35, 44.51, 29.68, 127.55, 113.38, 99.20, '2012-08-03 15:13:37'),
(481, 25, '5.4', '12', 51.75, 40.25, 28.75, 125.69, 112.46, 99.23, 59.35, 44.51, 29.68, 127.55, 113.38, 99.20, '2012-08-03 15:13:37'),
(482, 26, '5.4', '12', 51.75, 40.25, 28.75, 89.51, 80.09, 70.67, 59.35, 44.51, 29.68, 127.55, 113.38, 99.20, '2012-08-03 15:13:37'),
(483, 27, '5.4', '12', 69.26, 53.87, 38.48, 67.40, 64.03, 57.29, 58.36, 43.77, 29.18, 121.12, 107.66, 94.21, '2012-08-03 15:13:37'),
(484, 28, '5.4', '12', 69.26, 53.87, 38.48, 160.40, 143.51, 126.63, 58.36, 43.77, 29.18, 121.12, 107.66, 94.21, '2012-08-03 15:13:37'),
(485, 29, '5.4', '12', 69.26, 53.87, 38.48, 105.24, 99.98, 89.45, 58.36, 43.77, 29.18, 121.12, 107.66, 94.21, '2012-08-03 15:13:37'),
(486, 30, '5.4', '12', 42.97, 33.42, 23.87, 90.94, 86.39, 77.30, 58.36, 43.77, 29.18, 121.12, 107.66, 94.21, '2012-08-03 15:13:37'),
(487, 31, '5.4', '12', 69.26, 53.87, 38.48, 102.88, 97.74, 87.45, 58.36, 43.77, 29.18, 121.12, 107.66, 94.21, '2012-08-03 15:13:37'),
(488, 32, '5.4', '12', 42.12, 32.76, 23.40, 81.26, 77.20, 69.07, 48.69, 36.52, 24.34, 108.97, 96.86, 84.76, '2012-08-03 15:13:37'),
(489, 33, '5.4', '12', 42.12, 32.76, 23.40, 62.34, 59.22, 52.99, 48.69, 36.52, 24.34, 108.97, 96.86, 84.76, '2012-08-03 15:13:37'),
(490, 34, '5.4', '12', 120.44, 93.68, 66.91, 140.85, 126.02, 111.20, 92.66, 69.49, 46.33, 194.36, 172.77, 151.17, '2012-08-03 15:13:37'),
(491, 35, '5.4', '12', 120.44, 93.68, 66.91, 159.51, 142.72, 125.93, 92.66, 69.49, 46.33, 194.36, 172.77, 151.17, '2012-08-03 15:13:37'),
(492, 36, '5.4', '12', 91.82, 71.41, 51.01, 79.19, 70.86, 62.52, 90.04, 67.53, 45.02, 190.12, 168.99, 147.87, '2012-08-03 15:13:37'),
(493, 37, '5.4', '12', 42.12, 32.76, 23.40, 58.82, 55.88, 50.00, 48.69, 36.52, 24.34, 108.97, 96.86, 84.76, '2012-08-03 15:13:37'),
(494, 38, '5.4', '12', 51.75, 40.25, 28.75, 144.32, 137.10, 122.67, 47.06, 35.29, 23.53, 102.69, 91.28, 79.87, '2012-08-03 15:13:37'),
(495, 1, '5.9', '13', 96.94, 86.73, 76.53, 75.16, 67.25, 59.34, 33.44, 25.08, 16.72, 64.06, 56.94, 49.83, '2012-08-03 15:13:37'),
(496, 2, '5.9', '13', 82.75, 73.02, 68.15, 67.32, 63.95, 57.22, 53.46, 40.09, 26.73, 115.16, 102.37, 89.57, '2012-08-03 15:13:37'),
(497, 3, '5.9', '13', 97.80, 86.29, 80.54, 94.68, 89.95, 80.48, 62.18, 46.63, 31.09, 132.44, 117.73, 103.01, '2012-08-03 15:13:37'),
(498, 4, '5.9', '13', 82.75, 73.02, 68.15, 78.06, 74.16, 66.35, 53.46, 40.09, 26.73, 115.16, 102.37, 89.57, '2012-08-03 15:13:37'),
(499, 5, '5.9', '13', 183.36, 161.78, 151.00, 159.24, 142.48, 125.72, 108.31, 81.23, 54.16, 205.24, 182.43, 159.63, '2012-08-03 15:13:37'),
(500, 6, '5.9', '13', 172.57, 161.78, 151.00, 185.99, 166.41, 146.84, 104.74, 78.55, 52.37, 200.74, 178.43, 156.13, '2012-08-03 15:13:37'),
(501, 7, '5.9', '13', 81.52, 76.73, 71.93, 115.69, 103.51, 91.34, 50.68, 38.01, 25.34, 111.98, 99.54, 87.09, '2012-08-03 15:13:37'),
(502, 8, '5.9', '13', 52.80, 41.06, 29.33, 93.46, 83.62, 73.79, 61.18, 45.88, 30.59, 134.53, 119.58, 104.64, '2012-08-03 15:13:37'),
(503, 9, '5.9', '13', 42.43, 33.00, 23.57, 78.26, 74.35, 66.52, 51.37, 38.53, 25.68, 103.50, 92.00, 80.50, '2012-08-03 15:13:37'),
(504, 10, '5.9', '13', 54.29, 42.23, 30.16, 157.19, 140.64, 124.10, 66.35, 49.76, 33.18, 144.07, 128.06, 112.06, '2012-08-03 15:13:37'),
(505, 11, '5.9', '13', 54.29, 42.23, 30.16, 74.71, 66.84, 58.98, 66.06, 49.54, 33.03, 137.59, 122.30, 107.02, '2012-08-03 15:13:37'),
(506, 12, '5.9', '13', 112.53, 87.52, 62.52, 0.00, 0.00, 0.00, 108.31, 81.23, 54.16, 205.24, 182.43, 159.63, '2012-08-03 15:13:37'),
(507, 13, '5.9', '13', 54.29, 42.23, 30.16, 98.90, 88.49, 78.08, 66.35, 49.76, 33.18, 144.07, 128.06, 112.06, '2012-08-03 15:13:37'),
(508, 14, '5.9', '13', 54.29, 42.23, 30.16, 144.91, 129.66, 114.41, 49.09, 36.82, 24.54, 102.01, 90.67, 79.34, '2012-08-03 15:13:37'),
(509, 15, '5.9', '13', 72.77, 56.60, 40.43, 116.07, 103.85, 91.64, 64.66, 48.49, 32.33, 136.82, 121.62, 106.41, '2012-08-03 15:13:37'),
(510, 16, '5.9', '13', 54.29, 42.23, 30.16, 109.69, 98.14, 86.60, 66.35, 49.76, 33.18, 144.07, 128.06, 112.06, '2012-08-03 15:13:37'),
(511, 17, '5.9', '13', 72.77, 56.60, 40.43, 106.36, 101.04, 90.41, 64.66, 48.49, 32.33, 136.82, 121.62, 106.41, '2012-08-03 15:13:37'),
(512, 18, '5.9', '13', 72.77, 56.60, 40.43, 104.66, 99.43, 88.96, 64.66, 48.49, 32.33, 136.82, 121.62, 106.41, '2012-08-03 15:13:37'),
(513, 19, '5.9', '13', 72.77, 56.60, 40.43, 131.92, 118.03, 104.15, 64.66, 48.49, 32.33, 136.82, 121.62, 106.41, '2012-08-03 15:13:37'),
(514, 20, '5.9', '13', 127.33, 99.03, 70.74, 87.42, 83.05, 74.31, 108.31, 81.23, 54.16, 205.24, 182.43, 159.63, '2012-08-03 15:13:37'),
(515, 21, '5.9', '13', 42.43, 33.00, 23.57, 86.84, 82.50, 73.81, 51.37, 38.53, 25.68, 103.50, 92.00, 80.50, '2012-08-03 15:13:37'),
(516, 22, '5.9', '13', 42.43, 33.00, 23.57, 89.22, 84.76, 75.84, 51.37, 38.53, 25.68, 103.50, 92.00, 80.50, '2012-08-03 15:13:37'),
(517, 23, '5.9', '13', 54.29, 42.23, 30.16, 97.13, 86.90, 76.68, 66.35, 49.76, 33.18, 144.07, 128.06, 112.06, '2012-08-03 15:13:37'),
(518, 24, '5.9', '13', 54.29, 42.23, 30.16, 95.76, 85.68, 75.60, 66.35, 49.76, 33.18, 144.07, 128.06, 112.06, '2012-08-03 15:13:37'),
(519, 25, '5.9', '13', 54.29, 42.23, 30.16, 133.17, 119.15, 105.14, 66.35, 49.76, 33.18, 144.07, 128.06, 112.06, '2012-08-03 15:13:37'),
(520, 26, '5.9', '13', 54.29, 42.23, 30.16, 95.10, 85.09, 75.08, 66.35, 49.76, 33.18, 144.07, 128.06, 112.06, '2012-08-03 15:13:37'),
(521, 27, '5.9', '13', 72.77, 56.60, 40.43, 70.80, 67.26, 60.18, 64.66, 48.49, 32.33, 136.82, 121.62, 106.41, '2012-08-03 15:13:37'),
(522, 28, '5.9', '13', 72.77, 56.60, 40.43, 166.33, 148.82, 131.31, 64.66, 48.49, 32.33, 136.82, 121.62, 106.41, '2012-08-03 15:13:37'),
(523, 29, '5.9', '13', 72.77, 56.60, 40.43, 109.92, 104.42, 93.43, 64.66, 48.49, 32.33, 136.82, 121.62, 106.41, '2012-08-03 15:13:37'),
(524, 30, '5.9', '13', 45.51, 35.40, 25.28, 96.32, 91.50, 81.87, 64.66, 48.49, 32.33, 136.82, 121.62, 106.41, '2012-08-03 15:13:37'),
(525, 31, '5.9', '13', 72.77, 56.60, 40.43, 110.00, 104.50, 93.50, 64.66, 48.49, 32.33, 136.82, 121.62, 106.41, '2012-08-03 15:13:37'),
(526, 32, '5.9', '13', 43.81, 34.07, 24.34, 85.30, 81.04, 72.51, 53.46, 40.09, 26.73, 115.16, 102.37, 89.57, '2012-08-03 15:13:37'),
(527, 33, '5.9', '13', 43.81, 34.07, 24.34, 64.62, 61.39, 54.93, 53.46, 40.09, 26.73, 115.16, 102.37, 89.57, '2012-08-03 15:13:37'),
(528, 34, '5.9', '13', 127.33, 99.03, 70.74, 146.93, 131.46, 116.00, 108.31, 81.23, 54.16, 205.24, 182.43, 159.63, '2012-08-03 15:13:37'),
(529, 35, '5.9', '13', 127.33, 99.03, 70.74, 169.33, 151.50, 133.68, 108.31, 81.23, 54.16, 205.24, 182.43, 159.63, '2012-08-03 15:13:37'),
(530, 36, '5.9', '13', 97.07, 75.50, 53.93, 83.56, 74.77, 65.97, 104.74, 78.55, 52.37, 200.74, 178.43, 156.13, '2012-08-03 15:13:37'),
(531, 37, '5.9', '13', 43.81, 34.07, 24.34, 60.78, 57.74, 51.66, 53.46, 40.09, 26.73, 115.16, 102.37, 89.57, '2012-08-03 15:13:37'),
(532, 38, '5.9', '13', 54.29, 42.23, 30.16, 154.02, 146.32, 130.92, 50.68, 38.01, 25.34, 111.98, 99.54, 87.09, '2012-08-03 15:13:37'),
(533, 1, '6.4', '14', 100.05, 89.52, 78.99, 78.96, 70.65, 62.34, 34.98, 26.23, 17.49, 66.26, 58.90, 51.53, '2012-08-03 15:13:37'),
(534, 2, '6.4', '14', 85.95, 75.84, 70.78, 69.72, 66.23, 59.26, 55.84, 41.88, 27.92, 116.82, 103.84, 90.86, '2012-08-03 15:13:37'),
(535, 3, '6.4', '14', 101.94, 89.95, 83.95, 99.16, 94.20, 84.29, 64.84, 48.63, 32.42, 137.97, 122.64, 107.31, '2012-08-03 15:13:37'),
(536, 4, '6.4', '14', 85.95, 75.84, 70.78, 81.46, 77.39, 69.24, 55.84, 41.88, 27.92, 116.82, 103.84, 90.86, '2012-08-03 15:13:37'),
(537, 5, '6.4', '14', 193.28, 170.54, 159.17, 169.50, 151.66, 133.82, 116.10, 87.08, 58.05, 215.12, 191.22, 167.31, '2012-08-03 15:13:37'),
(538, 6, '6.4', '14', 181.91, 170.54, 159.17, 195.38, 174.81, 154.25, 112.27, 84.20, 56.14, 210.42, 187.04, 163.66, '2012-08-03 15:13:37'),
(539, 7, '6.4', '14', 84.59, 79.62, 74.64, 119.26, 106.71, 94.16, 52.09, 39.07, 26.04, 115.81, 102.94, 90.08, '2012-08-03 15:13:37'),
(540, 8, '6.4', '14', 55.41, 43.09, 30.78, 98.57, 88.20, 77.82, 64.43, 48.32, 32.22, 139.52, 124.02, 108.51, '2012-08-03 15:13:37'),
(541, 9, '6.4', '14', 44.04, 34.25, 24.47, 82.42, 78.30, 70.06, 53.41, 40.06, 26.70, 104.06, 92.50, 80.93, '2012-08-03 15:13:37'),
(542, 10, '6.4', '14', 56.83, 44.20, 31.57, 167.60, 149.96, 132.32, 69.90, 52.42, 34.95, 147.83, 131.41, 114.98, '2012-08-03 15:13:37'),
(543, 11, '6.4', '14', 56.83, 44.20, 31.57, 78.74, 70.45, 62.16, 69.34, 52.00, 34.67, 143.41, 127.47, 111.54, '2012-08-03 15:13:37'),
(544, 12, '6.4', '14', 118.30, 92.01, 65.72, 0.00, 0.00, 0.00, 116.10, 87.08, 58.05, 215.12, 191.22, 167.31, '2012-08-03 15:13:37'),
(545, 13, '6.4', '14', 56.83, 44.20, 31.57, 104.16, 93.19, 82.23, 69.90, 52.42, 34.95, 147.83, 131.41, 114.98, '2012-08-03 15:13:37'),
(546, 14, '6.4', '14', 56.83, 44.20, 31.57, 152.61, 136.54, 120.48, 51.02, 38.27, 25.51, 104.96, 93.30, 81.63, '2012-08-03 15:13:37'),
(547, 15, '6.4', '14', 76.29, 59.34, 42.38, 122.32, 109.45, 96.57, 68.10, 51.08, 34.05, 140.38, 124.78, 109.19, '2012-08-03 15:13:37'),
(548, 16, '6.4', '14', 56.83, 44.20, 31.57, 115.22, 103.09, 90.96, 69.90, 52.42, 34.95, 147.83, 131.41, 114.98, '2012-08-03 15:13:37'),
(549, 17, '6.4', '14', 76.29, 59.34, 42.38, 112.46, 106.84, 95.59, 68.10, 51.08, 34.05, 140.38, 124.78, 109.19, '2012-08-03 15:13:37'),
(550, 18, '6.4', '14', 76.29, 59.34, 42.38, 109.30, 103.84, 92.91, 68.10, 51.08, 34.05, 140.38, 124.78, 109.19, '2012-08-03 15:13:37'),
(551, 19, '6.4', '14', 76.29, 59.34, 42.38, 138.87, 124.25, 109.64, 68.10, 51.08, 34.05, 140.38, 124.78, 109.19, '2012-08-03 15:13:37'),
(552, 20, '6.4', '14', 134.22, 104.39, 74.57, 91.46, 86.89, 77.74, 116.10, 87.08, 58.05, 215.12, 191.22, 167.31, '2012-08-03 15:13:37'),
(553, 21, '6.4', '14', 44.04, 34.25, 24.47, 91.52, 86.94, 77.79, 53.41, 40.06, 26.70, 104.06, 92.50, 80.93, '2012-08-03 15:13:37'),
(554, 22, '6.4', '14', 44.04, 34.25, 24.47, 94.30, 89.59, 80.16, 53.41, 40.06, 26.70, 104.06, 92.50, 80.93, '2012-08-03 15:13:37'),
(555, 23, '6.4', '14', 56.83, 44.20, 31.57, 102.90, 92.07, 81.24, 69.90, 52.42, 34.95, 147.83, 131.41, 114.98, '2012-08-03 15:13:37'),
(556, 24, '6.4', '14', 56.83, 44.20, 31.57, 101.82, 91.10, 80.39, 69.90, 52.42, 34.95, 147.83, 131.41, 114.98, '2012-08-03 15:13:37'),
(557, 25, '6.4', '14', 56.83, 44.20, 31.57, 140.66, 125.85, 111.05, 69.90, 52.42, 34.95, 147.83, 131.41, 114.98, '2012-08-03 15:13:37'),
(558, 26, '6.4', '14', 56.83, 44.20, 31.57, 100.68, 90.08, 79.49, 69.90, 52.42, 34.95, 147.83, 131.41, 114.98, '2012-08-03 15:13:37'),
(559, 27, '6.4', '14', 76.29, 59.34, 42.38, 74.20, 70.49, 63.07, 68.10, 51.08, 34.05, 140.38, 124.78, 109.19, '2012-08-03 15:13:37'),
(560, 28, '6.4', '14', 76.29, 59.34, 42.38, 172.25, 154.12, 135.99, 68.10, 51.08, 34.05, 140.38, 124.78, 109.19, '2012-08-03 15:13:37'),
(561, 29, '6.4', '14', 76.29, 59.34, 42.38, 114.60, 108.87, 97.41, 68.10, 51.08, 34.05, 140.38, 124.78, 109.19, '2012-08-03 15:13:37'),
(562, 30, '6.4', '14', 48.05, 37.37, 26.70, 101.70, 96.62, 86.45, 68.10, 51.08, 34.05, 140.38, 124.78, 109.19, '2012-08-03 15:13:37'),
(563, 31, '6.4', '14', 76.29, 59.34, 42.38, 117.12, 111.26, 99.55, 68.10, 51.08, 34.05, 140.38, 124.78, 109.19, '2012-08-03 15:13:37'),
(564, 32, '6.4', '14', 45.50, 35.39, 25.28, 89.34, 84.87, 75.94, 55.84, 41.88, 27.92, 116.82, 103.84, 90.86, '2012-08-03 15:13:37'),
(565, 33, '6.4', '14', 45.50, 35.39, 25.28, 66.90, 63.56, 56.87, 55.84, 41.88, 27.92, 116.82, 103.84, 90.86, '2012-08-03 15:13:37'),
(566, 34, '6.4', '14', 134.22, 104.39, 74.57, 153.01, 136.90, 120.80, 116.10, 87.08, 58.05, 215.12, 191.22, 167.31, '2012-08-03 15:13:37'),
(567, 35, '6.4', '14', 134.22, 104.39, 74.57, 179.15, 160.29, 141.44, 116.10, 87.08, 58.05, 215.12, 191.22, 167.31, '2012-08-03 15:13:37'),
(568, 36, '6.4', '14', 102.32, 79.59, 56.85, 87.93, 78.68, 69.42, 112.27, 84.20, 56.14, 210.42, 187.04, 163.66, '2012-08-03 15:13:37'),
(569, 37, '6.4', '14', 45.50, 35.39, 25.28, 62.74, 59.60, 53.33, 55.84, 41.88, 27.92, 116.82, 103.84, 90.86, '2012-08-03 15:13:37'),
(570, 38, '6.4', '14', 56.83, 44.20, 31.57, 163.72, 155.53, 139.16, 52.09, 39.07, 26.04, 115.81, 102.94, 90.08, '2012-08-03 15:13:37'),
(571, 1, '6.8', '15', 103.16, 92.30, 81.44, 82.76, 74.05, 65.34, 36.33, 27.25, 18.16, 68.44, 60.83, 53.23, '2012-08-03 15:13:37'),
(572, 2, '6.8', '15', 89.14, 78.66, 73.41, 72.12, 68.51, 61.30, 57.77, 43.33, 28.88, 118.48, 105.31, 92.15, '2012-08-03 15:13:37'),
(573, 3, '6.8', '15', 106.08, 93.60, 87.36, 103.64, 98.46, 88.09, 66.86, 50.15, 33.43, 142.56, 126.72, 110.88, '2012-08-03 15:13:37'),
(574, 4, '6.8', '15', 89.14, 78.66, 73.41, 84.86, 80.62, 72.13, 57.77, 43.33, 28.88, 118.48, 105.31, 92.15, '2012-08-03 15:13:37'),
(575, 5, '6.8', '15', 203.20, 179.30, 167.34, 179.76, 160.84, 141.92, 122.19, 91.64, 61.10, 225.02, 200.02, 175.01, '2012-08-03 15:13:37'),
(576, 6, '6.8', '15', 191.25, 179.30, 167.34, 204.76, 183.21, 161.66, 118.15, 88.61, 59.08, 220.09, 195.63, 171.18, '2012-08-03 15:13:37'),
(577, 7, '6.8', '15', 87.66, 82.50, 77.35, 122.84, 109.91, 96.98, 54.98, 41.23, 27.49, 116.19, 103.28, 90.37, '2012-08-03 15:13:37'),
(578, 8, '6.8', '15', 58.01, 45.12, 32.23, 103.68, 92.77, 81.86, 67.60, 50.70, 33.80, 144.54, 128.48, 112.42, '2012-08-03 15:13:37'),
(579, 9, '6.8', '15', 45.64, 35.50, 25.36, 86.58, 82.25, 73.59, 55.34, 41.51, 27.67, 110.75, 98.45, 86.14, '2012-08-03 15:13:37'),
(580, 10, '6.8', '15', 59.37, 46.18, 32.99, 178.01, 159.27, 140.54, 73.33, 55.00, 36.66, 154.13, 137.01, 119.88, '2012-08-03 15:13:37'),
(581, 11, '6.8', '15', 59.37, 46.18, 32.99, 82.76, 74.05, 65.34, 72.89, 54.67, 36.44, 149.71, 133.07, 116.44, '2012-08-03 15:13:37'),
(582, 12, '6.8', '15', 124.08, 96.51, 68.93, 0.00, 0.00, 0.00, 122.19, 91.64, 61.10, 225.02, 200.02, 175.01, '2012-08-03 15:13:37'),
(583, 13, '6.8', '15', 59.37, 46.18, 32.99, 109.42, 97.90, 86.39, 73.33, 55.00, 36.66, 154.13, 137.01, 119.88, '2012-08-03 15:13:37'),
(584, 14, '6.8', '15', 59.37, 46.18, 32.99, 160.30, 143.43, 126.56, 56.91, 42.68, 28.46, 108.83, 96.74, 84.64, '2012-08-03 15:13:37'),
(585, 15, '6.8', '15', 79.81, 62.07, 44.34, 128.57, 115.04, 101.51, 71.46, 53.59, 35.73, 146.36, 130.10, 113.83, '2012-08-03 15:13:37'),
(586, 16, '6.8', '15', 59.37, 46.18, 32.99, 120.75, 108.04, 95.33, 73.33, 55.00, 36.66, 154.13, 137.01, 119.88, '2012-08-03 15:13:37'),
(587, 17, '6.8', '15', 79.81, 62.07, 44.34, 118.56, 112.63, 100.78, 71.46, 53.59, 35.73, 146.36, 130.10, 113.83, '2012-08-03 15:13:37'),
(588, 18, '6.8', '15', 79.81, 62.07, 44.34, 113.94, 108.24, 96.85, 71.46, 53.59, 35.73, 146.36, 130.10, 113.83, '2012-08-03 15:13:37'),
(589, 19, '6.8', '15', 79.81, 62.07, 44.34, 145.83, 130.48, 115.13, 71.46, 53.59, 35.73, 146.36, 130.10, 113.83, '2012-08-03 15:13:37'),
(590, 20, '6.8', '15', 141.11, 109.75, 78.39, 95.50, 90.73, 81.18, 122.19, 91.64, 61.10, 225.02, 200.02, 175.01, '2012-08-03 15:13:37'),
(591, 21, '6.8', '15', 45.64, 35.50, 25.36, 96.20, 91.39, 81.77, 55.34, 41.51, 27.67, 110.75, 98.45, 86.14, '2012-08-03 15:13:37'),
(592, 22, '6.8', '15', 45.64, 35.50, 25.36, 99.38, 94.41, 84.47, 55.34, 41.51, 27.67, 110.75, 98.45, 86.14, '2012-08-03 15:13:37'),
(593, 23, '6.8', '15', 59.37, 46.18, 32.99, 108.68, 97.24, 85.80, 73.33, 55.00, 36.66, 154.13, 137.01, 119.88, '2012-08-03 15:13:37'),
(594, 24, '6.8', '15', 59.37, 46.18, 32.99, 107.88, 96.53, 85.17, 73.33, 55.00, 36.66, 154.13, 137.01, 119.88, '2012-08-03 15:13:37'),
(595, 25, '6.8', '15', 59.37, 46.18, 32.99, 148.14, 132.55, 116.96, 73.33, 55.00, 36.66, 154.13, 137.01, 119.88, '2012-08-03 15:13:37'),
(596, 26, '6.8', '15', 59.37, 46.18, 32.99, 106.27, 95.08, 83.90, 73.33, 55.00, 36.66, 154.13, 137.01, 119.88, '2012-08-03 15:13:37'),
(597, 27, '6.8', '15', 79.81, 62.07, 44.34, 77.60, 73.72, 65.96, 71.46, 53.59, 35.73, 146.36, 130.10, 113.83, '2012-08-03 15:13:37'),
(598, 28, '6.8', '15', 79.81, 62.07, 44.34, 178.18, 159.43, 140.67, 71.46, 53.59, 35.73, 146.36, 130.10, 113.83, '2012-08-03 15:13:37'),
(599, 29, '6.8', '15', 79.81, 62.07, 44.34, 119.28, 113.32, 101.39, 71.46, 53.59, 35.73, 146.36, 130.10, 113.83, '2012-08-03 15:13:37'),
(600, 30, '6.8', '15', 50.60, 39.35, 28.11, 107.08, 101.73, 91.02, 71.46, 53.59, 35.73, 146.36, 130.10, 113.83, '2012-08-03 15:13:37'),
(601, 31, '6.8', '15', 79.81, 62.07, 44.34, 124.24, 118.03, 105.60, 71.46, 53.59, 35.73, 146.36, 130.10, 113.83, '2012-08-03 15:13:37'),
(602, 32, '6.8', '15', 47.19, 36.71, 26.22, 93.38, 88.71, 79.37, 57.77, 43.33, 28.88, 118.48, 105.31, 92.15, '2012-08-03 15:13:37'),
(603, 33, '6.8', '15', 47.19, 36.71, 26.22, 69.18, 65.72, 58.80, 57.77, 43.33, 28.88, 118.48, 105.31, 92.15, '2012-08-03 15:13:37'),
(604, 34, '6.8', '15', 141.11, 109.75, 78.39, 159.09, 142.34, 125.60, 122.19, 91.64, 61.10, 225.02, 200.02, 175.01, '2012-08-03 15:13:37'),
(605, 35, '6.8', '15', 141.11, 109.75, 78.39, 188.97, 169.08, 149.19, 122.19, 91.64, 61.10, 225.02, 200.02, 175.01, '2012-08-03 15:13:37'),
(606, 36, '6.8', '15', 107.58, 83.67, 59.77, 92.30, 82.59, 72.87, 118.15, 88.61, 59.08, 220.09, 195.63, 171.18, '2012-08-03 15:13:37'),
(607, 37, '6.8', '15', 47.19, 36.71, 26.22, 64.70, 61.47, 55.00, 57.77, 43.33, 28.88, 118.48, 105.31, 92.15, '2012-08-03 15:13:37'),
(608, 38, '6.8', '15', 59.37, 46.18, 32.99, 173.42, 164.75, 147.41, 54.98, 41.23, 27.49, 116.19, 103.28, 90.37, '2012-08-03 15:13:37'),
(609, 1, '7.3', '16', 106.27, 95.09, 83.90, 86.56, 77.45, 68.34, 37.69, 28.27, 18.84, 71.64, 63.68, 55.72, '2012-08-03 15:13:37'),
(610, 2, '7.3', '16', 92.34, 81.47, 76.04, 74.52, 70.79, 63.34, 59.79, 44.84, 29.90, 128.61, 114.32, 100.03, '2012-08-03 15:13:37'),
(611, 3, '7.3', '16', 110.22, 97.26, 90.77, 108.12, 102.71, 91.90, 69.90, 52.42, 34.95, 149.71, 133.07, 116.44, '2012-08-03 15:13:37'),
(612, 4, '7.3', '16', 92.34, 81.47, 76.04, 88.26, 83.85, 75.02, 59.79, 44.84, 29.90, 128.61, 114.32, 100.03, '2012-08-03 15:13:37'),
(613, 5, '7.3', '16', 213.13, 188.06, 175.52, 190.02, 170.02, 150.02, 128.10, 96.07, 64.05, 234.52, 208.46, 182.41, '2012-08-03 15:13:37'),
(614, 6, '7.3', '16', 200.59, 188.06, 175.52, 211.38, 189.13, 166.88, 126.28, 94.71, 63.14, 229.37, 203.89, 178.40, '2012-08-03 15:13:37'),
(615, 7, '7.3', '16', 90.73, 85.39, 80.06, 126.41, 113.10, 99.80, 58.09, 43.57, 29.04, 117.27, 104.24, 91.21, '2012-08-03 15:13:37'),
(616, 8, '7.3', '16', 60.62, 47.15, 33.68, 108.79, 97.34, 85.89, 70.64, 52.98, 35.32, 150.19, 133.50, 116.82, '2012-08-03 15:13:37'),
(617, 9, '7.3', '16', 47.25, 36.75, 26.25, 90.74, 86.20, 77.13, 57.38, 43.04, 28.69, 111.44, 99.06, 86.67, '2012-08-03 15:13:37'),
(618, 10, '7.3', '16', 61.92, 48.16, 34.40, 188.42, 168.59, 148.76, 76.27, 57.20, 38.14, 164.11, 145.87, 127.64, '2012-08-03 15:13:37'),
(619, 11, '7.3', '16', 61.92, 48.16, 34.40, 86.79, 77.66, 68.52, 75.57, 56.68, 37.78, 158.36, 140.77, 123.17, '2012-08-03 15:13:37'),
(620, 12, '7.3', '16', 129.85, 101.00, 72.14, 0.00, 0.00, 0.00, 128.10, 96.07, 64.05, 234.52, 208.46, 182.41, '2012-08-03 15:13:37'),
(621, 13, '7.3', '16', 61.92, 48.16, 34.40, 114.68, 102.61, 90.54, 76.27, 57.20, 38.14, 164.11, 145.87, 127.64, '2012-08-03 15:13:37'),
(622, 14, '7.3', '16', 61.92, 48.16, 34.40, 168.00, 150.31, 132.63, 60.54, 45.41, 30.27, 113.65, 101.02, 88.40, '2012-08-03 15:13:37'),
(623, 15, '7.3', '16', 83.32, 64.80, 46.29, 134.82, 120.63, 106.44, 74.32, 55.74, 37.16, 154.40, 137.25, 120.09, '2012-08-03 15:13:37'),
(624, 16, '7.3', '16', 61.92, 48.16, 34.40, 126.27, 112.98, 99.69, 76.27, 57.20, 38.14, 164.11, 145.87, 127.64, '2012-08-03 15:13:37'),
(625, 17, '7.3', '16', 83.32, 64.80, 46.29, 124.66, 118.43, 105.96, 74.32, 55.74, 37.16, 154.40, 137.25, 120.09, '2012-08-03 15:13:37'),
(626, 18, '7.3', '16', 83.32, 64.80, 46.29, 118.58, 112.65, 100.79, 74.32, 55.74, 37.16, 154.40, 137.25, 120.09, '2012-08-03 15:13:37'),
(627, 19, '7.3', '16', 83.32, 64.80, 46.29, 152.78, 136.70, 120.62, 74.32, 55.74, 37.16, 154.40, 137.25, 120.09, '2012-08-03 15:13:37'),
(628, 20, '7.3', '16', 148.00, 115.11, 82.22, 99.54, 94.56, 84.61, 128.10, 96.07, 64.05, 234.52, 208.46, 182.41, '2012-08-03 15:13:37'),
(629, 21, '7.3', '16', 47.25, 36.75, 26.25, 100.88, 95.84, 85.75, 57.38, 43.04, 28.69, 111.44, 99.06, 86.67, '2012-08-03 15:13:37'),
(630, 22, '7.3', '16', 47.25, 36.75, 26.25, 104.46, 99.24, 88.79, 57.38, 43.04, 28.69, 111.44, 99.06, 86.67, '2012-08-03 15:13:38'),
(631, 23, '7.3', '16', 61.92, 48.16, 34.40, 114.46, 102.41, 90.36, 76.27, 57.20, 38.14, 164.11, 145.87, 127.64, '2012-08-03 15:13:38'),
(632, 24, '7.3', '16', 61.92, 48.16, 34.40, 113.94, 101.95, 89.96, 76.27, 57.20, 38.14, 164.11, 145.87, 127.64, '2012-08-03 15:13:38'),
(633, 25, '7.3', '16', 61.92, 48.16, 34.40, 155.63, 139.25, 122.87, 76.27, 57.20, 38.14, 164.11, 145.87, 127.64, '2012-08-03 15:13:38'),
(634, 26, '7.3', '16', 61.92, 48.16, 34.40, 111.85, 100.08, 88.31, 76.27, 57.20, 38.14, 164.11, 145.87, 127.64, '2012-08-03 15:13:38'),
(635, 27, '7.3', '16', 83.32, 64.80, 46.29, 81.00, 76.95, 68.85, 74.32, 55.74, 37.16, 154.40, 137.25, 120.09, '2012-08-03 15:13:38'),
(636, 28, '7.3', '16', 83.32, 64.80, 46.29, 184.11, 164.73, 145.35, 74.32, 55.74, 37.16, 154.40, 137.25, 120.09, '2012-08-03 15:13:38'),
(637, 29, '7.3', '16', 83.32, 64.80, 46.29, 123.96, 117.76, 105.37, 74.32, 55.74, 37.16, 154.40, 137.25, 120.09, '2012-08-03 15:13:38'),
(638, 30, '7.3', '16', 53.14, 41.33, 29.52, 112.46, 106.84, 95.59, 74.32, 55.74, 37.16, 154.40, 137.25, 120.09, '2012-08-03 15:13:38'),
(639, 31, '7.3', '16', 83.32, 64.80, 46.29, 131.36, 124.79, 111.66, 74.32, 55.74, 37.16, 154.40, 137.25, 120.09, '2012-08-03 15:13:38'),
(640, 32, '7.3', '16', 48.88, 38.02, 27.16, 97.42, 92.55, 82.81, 59.79, 44.84, 29.90, 128.61, 114.32, 100.03, '2012-08-03 15:13:38'),
(641, 33, '7.3', '16', 48.88, 38.02, 27.16, 71.46, 67.89, 60.74, 59.79, 44.84, 29.90, 128.61, 114.32, 100.03, '2012-08-03 15:13:38'),
(642, 34, '7.3', '16', 148.00, 115.11, 82.22, 165.17, 147.78, 130.40, 128.10, 96.07, 64.05, 234.52, 208.46, 182.41, '2012-08-03 15:13:38'),
(643, 35, '7.3', '16', 148.00, 115.11, 82.22, 198.80, 177.87, 156.95, 128.10, 96.07, 64.05, 234.52, 208.46, 182.41, '2012-08-03 15:13:38'),
(644, 36, '7.3', '16', 112.83, 87.76, 62.69, 96.67, 86.50, 76.32, 126.28, 94.71, 63.14, 229.37, 203.89, 178.40, '2012-08-03 15:13:38'),
(645, 37, '7.3', '16', 48.88, 38.02, 27.16, 66.66, 63.33, 56.66, 59.79, 44.84, 29.90, 128.61, 114.32, 100.03, '2012-08-03 15:13:38'),
(646, 38, '7.3', '16', 61.92, 48.16, 34.40, 183.12, 173.96, 155.65, 58.09, 43.57, 29.04, 117.27, 104.24, 91.21, '2012-08-03 15:13:38'),
(647, 1, '7.7', '17', 109.39, 97.87, 86.36, 90.36, 80.85, 71.34, 38.77, 29.08, 19.38, 72.22, 64.19, 56.17, '2012-08-03 15:13:38'),
(648, 2, '7.7', '17', 95.53, 84.29, 78.67, 76.92, 73.07, 65.38, 62.00, 46.50, 31.00, 130.54, 116.03, 101.53, '2012-08-03 15:13:38'),
(649, 3, '7.7', '17', 114.36, 100.91, 94.18, 112.60, 106.97, 95.71, 72.04, 54.03, 36.02, 154.76, 137.57, 120.37, '2012-08-03 15:13:38'),
(650, 4, '7.7', '17', 95.53, 84.29, 78.67, 91.66, 87.08, 77.91, 62.00, 46.50, 31.00, 130.54, 116.03, 101.53, '2012-08-03 15:13:38'),
(651, 5, '7.7', '17', 223.05, 196.81, 183.69, 200.28, 179.20, 158.12, 133.66, 100.24, 66.83, 243.83, 216.74, 189.64, '2012-08-03 15:13:38'),
(652, 6, '7.7', '17', 209.93, 196.81, 183.69, 217.99, 195.04, 172.10, 129.25, 96.94, 64.62, 238.48, 211.98, 185.49, '2012-08-03 15:13:38'),
(653, 7, '7.7', '17', 93.80, 88.28, 82.77, 129.98, 116.30, 102.62, 60.05, 45.04, 30.02, 117.79, 104.70, 91.62, '2012-08-03 15:13:38'),
(654, 8, '7.7', '17', 63.23, 49.18, 35.13, 113.91, 101.92, 89.93, 73.26, 54.94, 36.63, 155.48, 138.21, 120.93, '2012-08-03 15:13:38'),
(655, 9, '7.7', '17', 48.86, 38.00, 27.14, 94.90, 90.16, 80.67, 59.32, 44.49, 29.66, 117.65, 104.58, 91.50, '2012-08-03 15:13:38'),
(656, 10, '7.7', '17', 64.46, 50.13, 35.81, 198.84, 177.91, 156.98, 79.10, 59.32, 39.55, 168.05, 149.38, 130.70, '2012-08-03 15:13:38'),
(657, 11, '7.7', '17', 64.46, 50.13, 35.81, 90.82, 81.26, 71.70, 78.26, 58.70, 39.13, 164.57, 146.29, 128.00, '2012-08-03 15:13:38'),
(658, 12, '7.7', '17', 135.63, 105.49, 75.35, 0.00, 0.00, 0.00, 133.66, 100.24, 66.83, 243.83, 216.74, 189.64, '2012-08-03 15:13:38'),
(659, 13, '7.7', '17', 64.46, 50.13, 35.81, 119.95, 107.32, 94.70, 79.10, 59.32, 39.55, 168.05, 149.38, 130.70, '2012-08-03 15:13:38'),
(660, 14, '7.7', '17', 64.46, 50.13, 35.81, 175.69, 157.20, 138.71, 60.95, 45.71, 30.48, 117.54, 104.48, 91.42, '2012-08-03 15:13:38'),
(661, 15, '7.7', '17', 86.84, 67.54, 48.24, 141.08, 126.23, 111.38, 77.07, 57.80, 38.54, 159.57, 141.84, 124.11, '2012-08-03 15:13:38'),
(662, 16, '7.7', '17', 64.46, 50.13, 35.81, 131.80, 117.93, 104.06, 79.10, 59.32, 39.55, 168.05, 149.38, 130.70, '2012-08-03 15:13:38'),
(663, 17, '7.7', '17', 86.84, 67.54, 48.24, 130.76, 124.22, 111.15, 77.07, 57.80, 38.54, 159.57, 141.84, 124.11, '2012-08-03 15:13:38'),
(664, 18, '7.7', '17', 86.84, 67.54, 48.24, 123.22, 117.06, 104.74, 77.07, 57.80, 38.54, 159.57, 141.84, 124.11, '2012-08-03 15:13:38'),
(665, 19, '7.7', '17', 86.84, 67.54, 48.24, 159.73, 142.92, 126.11, 77.07, 57.80, 38.54, 159.57, 141.84, 124.11, '2012-08-03 15:13:38'),
(666, 20, '7.7', '17', 154.89, 120.47, 86.05, 103.58, 98.40, 88.04, 133.66, 100.24, 66.83, 243.83, 216.74, 189.64, '2012-08-03 15:13:38'),
(667, 21, '7.7', '17', 48.86, 38.00, 27.14, 105.56, 100.28, 89.73, 59.32, 44.49, 29.66, 117.65, 104.58, 91.50, '2012-08-03 15:13:38'),
(668, 22, '7.7', '17', 48.86, 38.00, 27.14, 109.54, 104.06, 93.11, 59.32, 44.49, 29.66, 117.65, 104.58, 91.50, '2012-08-03 15:13:38'),
(669, 23, '7.7', '17', 64.46, 50.13, 35.81, 120.23, 107.58, 94.92, 79.10, 59.32, 39.55, 168.05, 149.38, 130.70, '2012-08-03 15:13:38'),
(670, 24, '7.7', '17', 64.46, 50.13, 35.81, 120.00, 107.37, 94.74, 79.10, 59.32, 39.55, 168.05, 149.38, 130.70, '2012-08-03 15:13:38'),
(671, 25, '7.7', '17', 64.46, 50.13, 35.81, 163.12, 145.95, 128.78, 79.10, 59.32, 39.55, 168.05, 149.38, 130.70, '2012-08-03 15:13:38'),
(672, 26, '7.7', '17', 64.46, 50.13, 35.81, 117.44, 105.08, 92.72, 79.10, 59.32, 39.55, 168.05, 149.38, 130.70, '2012-08-03 15:13:38'),
(673, 27, '7.7', '17', 86.84, 67.54, 48.24, 84.40, 80.18, 71.74, 77.07, 57.80, 38.54, 159.57, 141.84, 124.11, '2012-08-03 15:13:38'),
(674, 28, '7.7', '17', 86.84, 67.54, 48.24, 190.04, 170.03, 150.03, 77.07, 57.80, 38.54, 159.57, 141.84, 124.11, '2012-08-03 15:13:38'),
(675, 29, '7.7', '17', 86.84, 67.54, 48.24, 128.64, 122.21, 109.34, 77.07, 57.80, 38.54, 159.57, 141.84, 124.11, '2012-08-03 15:13:38'),
(676, 30, '7.7', '17', 55.68, 43.31, 30.93, 117.84, 111.95, 100.16, 77.07, 57.80, 38.54, 159.57, 141.84, 124.11, '2012-08-03 15:13:38'),
(677, 31, '7.7', '17', 86.84, 67.54, 48.24, 138.48, 131.56, 117.71, 77.07, 57.80, 38.54, 159.57, 141.84, 124.11, '2012-08-03 15:13:38'),
(678, 32, '7.7', '17', 50.58, 39.34, 28.10, 101.46, 96.39, 86.24, 62.00, 46.50, 31.00, 130.54, 116.03, 101.53, '2012-08-03 15:13:38'),
(679, 33, '7.7', '17', 50.58, 39.34, 28.10, 73.74, 70.05, 62.68, 62.00, 46.50, 31.00, 130.54, 116.03, 101.53, '2012-08-03 15:13:38'),
(680, 34, '7.7', '17', 154.89, 120.47, 86.05, 171.25, 153.22, 135.20, 133.66, 100.24, 66.83, 243.83, 216.74, 189.64, '2012-08-03 15:13:38'),
(681, 35, '7.7', '17', 154.89, 120.47, 86.05, 208.62, 186.66, 164.70, 133.66, 100.24, 66.83, 243.83, 216.74, 189.64, '2012-08-03 15:13:38'),
(682, 36, '7.7', '17', 118.09, 91.85, 65.60, 101.04, 90.41, 79.77, 129.25, 96.94, 64.62, 238.48, 211.98, 185.49, '2012-08-03 15:13:38'),
(683, 37, '7.7', '17', 50.58, 39.34, 28.10, 68.62, 65.19, 58.33, 62.00, 46.50, 31.00, 130.54, 116.03, 101.53, '2012-08-03 15:13:38'),
(684, 38, '7.7', '17', 64.46, 50.13, 35.81, 192.82, 183.18, 163.90, 60.05, 45.04, 30.02, 117.79, 104.70, 91.62, '2012-08-03 15:13:38'),
(685, 1, '8.2', '18', 112.50, 100.66, 88.81, 94.16, 84.25, 74.34, 40.14, 30.10, 20.07, 74.11, 65.87, 57.64, '2012-08-03 15:13:38'),
(686, 2, '8.2', '18', 98.73, 87.11, 81.31, 79.32, 75.35, 67.42, 64.09, 48.07, 32.04, 130.73, 116.21, 101.68, '2012-08-03 15:13:38'),
(687, 3, '8.2', '18', 118.51, 104.56, 97.59, 117.08, 111.23, 99.52, 73.96, 55.47, 36.98, 159.82, 142.06, 124.31, '2012-08-03 15:13:38'),
(688, 4, '8.2', '18', 98.73, 87.11, 81.31, 95.06, 90.31, 80.80, 64.09, 48.07, 32.04, 130.73, 116.21, 101.68, '2012-08-03 15:13:38'),
(689, 5, '8.2', '18', 232.98, 205.57, 191.86, 210.54, 188.38, 166.22, 140.34, 105.25, 70.17, 253.91, 225.70, 197.48, '2012-08-03 15:13:38'),
(690, 6, '8.2', '18', 219.27, 205.57, 191.86, 224.60, 200.96, 177.32, 135.70, 101.78, 67.85, 248.35, 220.75, 193.16, '2012-08-03 15:13:38'),
(691, 7, '8.2', '18', 96.87, 91.17, 85.48, 133.55, 119.49, 105.44, 60.75, 45.56, 30.38, 128.07, 113.84, 99.61, '2012-08-03 15:13:38'),
(692, 8, '8.2', '18', 65.84, 51.21, 36.58, 119.02, 106.49, 93.96, 75.24, 56.43, 37.62, 156.04, 138.70, 121.37, '2012-08-03 15:13:38'),
(693, 9, '8.2', '18', 50.46, 39.25, 28.04, 99.06, 94.11, 84.20, 61.16, 45.87, 30.58, 118.26, 105.12, 91.98, '2012-08-03 15:13:38'),
(694, 10, '8.2', '18', 67.00, 52.11, 37.22, 209.25, 187.22, 165.20, 81.73, 61.30, 40.86, 169.38, 150.56, 131.74, '2012-08-03 15:13:38'),
(695, 11, '8.2', '18', 67.00, 52.11, 37.22, 94.85, 84.86, 74.88, 81.28, 60.96, 40.64, 170.82, 151.84, 132.86, '2012-08-03 15:13:38'),
(696, 12, '8.2', '18', 141.40, 109.98, 78.56, 0.00, 0.00, 0.00, 140.34, 105.25, 70.17, 253.91, 225.70, 197.48, '2012-08-03 15:13:38'),
(697, 13, '8.2', '18', 67.00, 52.11, 37.22, 125.21, 112.03, 98.85, 81.73, 61.30, 40.86, 169.38, 150.56, 131.74, '2012-08-03 15:13:38'),
(698, 14, '8.2', '18', 67.00, 52.11, 37.22, 183.39, 164.08, 144.78, 61.18, 45.88, 30.59, 122.26, 108.67, 95.09, '2012-08-03 15:13:38'),
(699, 15, '8.2', '18', 90.35, 70.27, 50.20, 147.33, 131.82, 116.31, 79.64, 59.73, 39.82, 160.83, 142.96, 125.09, '2012-08-03 15:13:38'),
(700, 16, '8.2', '18', 67.00, 52.11, 37.22, 137.33, 122.88, 108.42, 81.73, 61.30, 40.86, 169.38, 150.56, 131.74, '2012-08-03 15:13:38'),
(701, 17, '8.2', '18', 90.35, 70.27, 50.20, 136.86, 130.02, 116.33, 79.64, 59.73, 39.82, 160.83, 142.96, 125.09, '2012-08-03 15:13:38'),
(702, 18, '8.2', '18', 90.35, 70.27, 50.20, 127.86, 121.47, 108.68, 79.64, 59.73, 39.82, 160.83, 142.96, 125.09, '2012-08-03 15:13:38'),
(703, 19, '8.2', '18', 90.35, 70.27, 50.20, 166.69, 149.14, 131.60, 79.64, 59.73, 39.82, 160.83, 142.96, 125.09, '2012-08-03 15:13:38'),
(704, 20, '8.2', '18', 161.77, 125.82, 89.87, 107.62, 102.24, 91.48, 140.34, 105.25, 70.17, 253.91, 225.70, 197.48, '2012-08-03 15:13:38'),
(705, 21, '8.2', '18', 50.46, 39.25, 28.04, 110.24, 104.73, 93.70, 61.16, 45.87, 30.58, 118.26, 105.12, 91.98, '2012-08-03 15:13:38'),
(706, 22, '8.2', '18', 50.46, 39.25, 28.04, 114.62, 108.89, 97.43, 61.16, 45.87, 30.58, 118.26, 105.12, 91.98, '2012-08-03 15:13:38'),
(707, 23, '8.2', '18', 67.00, 52.11, 37.22, 126.01, 112.74, 99.48, 81.73, 61.30, 40.86, 169.38, 150.56, 131.74, '2012-08-03 15:13:38'),
(708, 24, '8.2', '18', 67.00, 52.11, 37.22, 126.07, 112.80, 99.53, 81.73, 61.30, 40.86, 169.38, 150.56, 131.74, '2012-08-03 15:13:38'),
(709, 25, '8.2', '18', 67.00, 52.11, 37.22, 170.60, 152.64, 134.69, 81.73, 61.30, 40.86, 169.38, 150.56, 131.74, '2012-08-03 15:13:38'),
(710, 26, '8.2', '18', 67.00, 52.11, 37.22, 123.03, 110.08, 97.13, 81.73, 61.30, 40.86, 169.38, 150.56, 131.74, '2012-08-03 15:13:38'),
(711, 27, '8.2', '18', 90.35, 70.27, 50.20, 87.80, 83.41, 74.63, 79.64, 59.73, 39.82, 160.83, 142.96, 125.09, '2012-08-03 15:13:38'),
(712, 28, '8.2', '18', 90.35, 70.27, 50.20, 195.97, 175.34, 154.71, 79.64, 59.73, 39.82, 160.83, 142.96, 125.09, '2012-08-03 15:13:38'),
(713, 29, '8.2', '18', 90.35, 70.27, 50.20, 133.32, 126.65, 113.32, 79.64, 59.73, 39.82, 160.83, 142.96, 125.09, '2012-08-03 15:13:38'),
(714, 30, '8.2', '18', 58.22, 45.28, 32.35, 123.22, 117.06, 104.74, 79.64, 59.73, 39.82, 160.83, 142.96, 125.09, '2012-08-03 15:13:38'),
(715, 31, '8.2', '18', 90.35, 70.27, 50.20, 145.60, 138.32, 123.76, 79.64, 59.73, 39.82, 160.83, 142.96, 125.09, '2012-08-03 15:13:38'),
(716, 32, '8.2', '18', 52.27, 40.65, 29.04, 105.50, 100.23, 89.68, 64.09, 48.07, 32.04, 130.73, 116.21, 101.68, '2012-08-03 15:13:38'),
(717, 33, '8.2', '18', 52.27, 40.65, 29.04, 76.02, 72.22, 64.62, 64.09, 48.07, 32.04, 130.73, 116.21, 101.68, '2012-08-03 15:13:38'),
(718, 34, '8.2', '18', 161.77, 125.82, 89.87, 177.33, 158.66, 140.00, 140.34, 105.25, 70.17, 253.91, 225.70, 197.48, '2012-08-03 15:13:38'),
(719, 35, '8.2', '18', 161.77, 125.82, 89.87, 218.44, 195.45, 172.46, 140.34, 105.25, 70.17, 253.91, 225.70, 197.48, '2012-08-03 15:13:38'),
(720, 36, '8.2', '18', 123.34, 95.93, 68.52, 105.41, 94.32, 83.22, 135.70, 101.78, 67.85, 248.35, 220.75, 193.16, '2012-08-03 15:13:38'),
(721, 37, '8.2', '18', 52.27, 40.65, 29.04, 70.58, 67.05, 59.99, 64.09, 48.07, 32.04, 130.73, 116.21, 101.68, '2012-08-03 15:13:38'),
(722, 38, '8.2', '18', 67.00, 52.11, 37.22, 202.52, 192.39, 172.14, 60.75, 45.56, 30.38, 128.07, 113.84, 99.61, '2012-08-03 15:13:38'),
(723, 1, '8.6', '19', 115.61, 103.44, 91.27, 97.96, 87.65, 77.34, 41.22, 30.91, 20.61, 75.98, 67.54, 59.09, '2012-08-03 15:13:38'),
(724, 2, '8.6', '19', 101.92, 89.93, 83.94, 81.72, 77.63, 69.46, 66.12, 49.59, 33.06, 131.15, 116.58, 102.00, '2012-08-03 15:13:38'),
(725, 3, '8.6', '19', 122.65, 108.22, 101.00, 121.56, 115.48, 103.33, 76.09, 57.07, 38.04, 164.47, 146.19, 127.92, '2012-08-03 15:13:38'),
(726, 4, '8.6', '19', 101.92, 89.93, 83.94, 98.46, 93.54, 83.69, 66.12, 49.59, 33.06, 131.15, 116.58, 102.00, '2012-08-03 15:13:38'),
(727, 5, '8.6', '19', 242.90, 214.33, 200.04, 220.80, 197.56, 174.32, 145.99, 109.49, 73.00, 263.23, 233.98, 204.74, '2012-08-03 15:13:38'),
(728, 6, '8.6', '19', 228.61, 214.33, 200.04, 231.21, 206.87, 182.54, 143.92, 107.94, 71.96, 257.45, 228.85, 200.24, '2012-08-03 15:13:38'),
(729, 7, '8.6', '19', 99.94, 94.06, 88.18, 137.12, 122.69, 108.26, 62.68, 47.01, 31.34, 133.42, 118.59, 103.77, '2012-08-03 15:13:38'),
(730, 8, '8.6', '19', 68.45, 53.24, 38.03, 124.13, 111.06, 98.00, 78.90, 59.17, 39.45, 167.20, 148.62, 130.05, '2012-08-03 15:13:38'),
(731, 9, '8.6', '19', 52.07, 40.50, 28.93, 103.22, 98.06, 87.74, 63.10, 47.33, 31.55, 124.65, 110.80, 96.95, '2012-08-03 15:13:38'),
(732, 10, '8.6', '19', 69.54, 54.09, 38.63, 219.66, 196.54, 173.42, 84.46, 63.35, 42.23, 178.83, 158.96, 139.09, '2012-08-03 15:13:38'),
(733, 11, '8.6', '19', 69.54, 54.09, 38.63, 98.88, 88.47, 78.06, 83.95, 62.96, 41.98, 176.98, 157.31, 137.65, '2012-08-03 15:13:38'),
(734, 12, '8.6', '19', 147.17, 114.47, 81.76, 0.00, 0.00, 0.00, 145.99, 109.49, 73.00, 263.23, 233.98, 204.74, '2012-08-03 15:13:38'),
(735, 13, '8.6', '19', 69.54, 54.09, 38.63, 130.47, 116.74, 103.01, 84.46, 63.35, 42.23, 178.83, 158.96, 139.09, '2012-08-03 15:13:38'),
(736, 14, '8.6', '19', 69.54, 54.09, 38.63, 191.08, 170.97, 150.86, 65.62, 49.22, 32.81, 126.36, 112.32, 98.28, '2012-08-03 15:13:38'),
(737, 15, '8.6', '19', 93.87, 73.01, 52.15, 153.58, 137.41, 121.25, 82.30, 61.73, 41.15, 169.81, 150.94, 132.08, '2012-08-03 15:13:38'),
(738, 16, '8.6', '19', 69.54, 54.09, 38.63, 142.86, 127.82, 112.79, 84.46, 63.35, 42.23, 178.83, 158.96, 139.09, '2012-08-03 15:13:38'),
(739, 17, '8.6', '19', 93.87, 73.01, 52.15, 142.96, 135.81, 121.52, 82.30, 61.73, 41.15, 169.81, 150.94, 132.08, '2012-08-03 15:13:38'),
(740, 18, '8.6', '19', 93.87, 73.01, 52.15, 132.50, 125.88, 112.63, 82.30, 61.73, 41.15, 169.81, 150.94, 132.08, '2012-08-03 15:13:38'),
(741, 19, '8.6', '19', 93.87, 73.01, 52.15, 173.64, 155.36, 137.09, 82.30, 61.73, 41.15, 169.81, 150.94, 132.08, '2012-08-03 15:13:38'),
(742, 20, '8.6', '19', 168.66, 131.18, 93.70, 111.66, 106.08, 94.91, 145.99, 109.49, 73.00, 263.23, 233.98, 204.74, '2012-08-03 15:13:38'),
(743, 21, '8.6', '19', 52.07, 40.50, 28.93, 114.92, 109.17, 97.68, 63.10, 47.33, 31.55, 124.65, 110.80, 96.95, '2012-08-03 15:13:38'),
(744, 22, '8.6', '19', 52.07, 40.50, 28.93, 119.70, 113.72, 101.75, 63.10, 47.33, 31.55, 124.65, 110.80, 96.95, '2012-08-03 15:13:38'),
(745, 23, '8.6', '19', 69.54, 54.09, 38.63, 131.78, 117.91, 104.04, 84.46, 63.35, 42.23, 178.83, 158.96, 139.09, '2012-08-03 15:13:38'),
(746, 24, '8.6', '19', 69.54, 54.09, 38.63, 132.13, 118.22, 104.31, 84.46, 63.35, 42.23, 178.83, 158.96, 139.09, '2012-08-03 15:13:38'),
(747, 25, '8.6', '19', 69.54, 54.09, 38.63, 178.09, 159.34, 140.60, 84.46, 63.35, 42.23, 178.83, 158.96, 139.09, '2012-08-03 15:13:38'),
(748, 26, '8.6', '19', 69.54, 54.09, 38.63, 128.61, 115.07, 101.54, 84.46, 63.35, 42.23, 178.83, 158.96, 139.09, '2012-08-03 15:13:38'),
(749, 27, '8.6', '19', 93.87, 73.01, 52.15, 91.20, 86.64, 77.52, 82.30, 61.73, 41.15, 169.81, 150.94, 132.08, '2012-08-03 15:13:38'),
(750, 28, '8.6', '19', 93.87, 73.01, 52.15, 201.89, 180.64, 159.39, 82.30, 61.73, 41.15, 169.81, 150.94, 132.08, '2012-08-03 15:13:38'),
(751, 29, '8.6', '19', 93.87, 73.01, 52.15, 138.00, 131.10, 117.30, 82.30, 61.73, 41.15, 169.81, 150.94, 132.08, '2012-08-03 15:13:38'),
(752, 30, '8.6', '19', 60.76, 47.26, 33.76, 128.60, 122.17, 109.31, 82.30, 61.73, 41.15, 169.81, 150.94, 132.08, '2012-08-03 15:13:38'),
(753, 31, '8.6', '19', 93.87, 73.01, 52.15, 152.72, 145.08, 129.81, 82.30, 61.73, 41.15, 169.81, 150.94, 132.08, '2012-08-03 15:13:38'),
(754, 32, '8.6', '19', 53.96, 41.97, 29.98, 109.54, 104.06, 93.11, 66.12, 49.59, 33.06, 131.15, 116.58, 102.00, '2012-08-03 15:13:38'),
(755, 33, '8.6', '19', 53.96, 41.97, 29.98, 78.30, 74.39, 66.56, 66.12, 49.59, 33.06, 131.15, 116.58, 102.00, '2012-08-03 15:13:38'),
(756, 34, '8.6', '19', 168.66, 131.18, 93.70, 183.41, 164.10, 144.80, 145.99, 109.49, 73.00, 263.23, 233.98, 204.74, '2012-08-03 15:13:38'),
(757, 35, '8.6', '19', 168.66, 131.18, 93.70, 228.27, 204.24, 180.21, 145.99, 109.49, 73.00, 263.23, 233.98, 204.74, '2012-08-03 15:13:38'),
(758, 36, '8.6', '19', 128.60, 100.02, 71.44, 109.78, 98.23, 86.67, 143.92, 107.94, 71.96, 257.45, 228.85, 200.24, '2012-08-03 15:13:38'),
(759, 37, '8.6', '19', 53.96, 41.97, 29.98, 72.54, 68.91, 61.66, 66.12, 49.59, 33.06, 131.15, 116.58, 102.00, '2012-08-03 15:13:38'),
(760, 38, '8.6', '19', 69.54, 54.09, 38.63, 212.22, 201.61, 180.39, 62.68, 47.01, 31.34, 133.42, 118.59, 103.77, '2012-08-03 15:13:38');
INSERT INTO `pricelist` (`pricelist_id`, `continents_id`, `weight_kg`, `weight_lbs`, `DHL_cost_std`, `DHL_cost_prem`, `DHL_cost_bus`, `TNT_cost_std`, `TNT_cost_prem`, `TNT_cost_bus`, `Fedex_cost_std`, `Fedex_cost_prem`, `Fedex_cost_bus`, `Fedex_Eco_cost_std`, `Fedex_Eco_cost_prem`, `Fedex_Eco_cost_bus`, `create_date`) VALUES
(761, 1, '9.1', '20', 118.72, 106.23, 93.73, 101.76, 91.05, 80.34, 42.74, 32.06, 21.37, 77.87, 69.22, 60.56, '2012-08-03 15:13:38'),
(762, 2, '9.1', '20', 105.12, 92.75, 86.57, 84.12, 79.91, 71.50, 68.26, 51.19, 34.13, 131.35, 116.75, 102.16, '2012-08-03 15:13:38'),
(763, 3, '9.1', '20', 126.79, 111.87, 104.41, 126.04, 119.74, 107.13, 78.42, 58.82, 39.21, 167.90, 149.25, 130.59, '2012-08-03 15:13:38'),
(764, 4, '9.1', '20', 105.12, 92.75, 86.57, 101.86, 96.77, 86.58, 68.26, 51.19, 34.13, 131.35, 116.75, 102.16, '2012-08-03 15:13:38'),
(765, 5, '9.1', '20', 252.83, 223.08, 208.21, 231.06, 206.74, 182.42, 151.46, 113.59, 75.73, 272.92, 242.59, 212.27, '2012-08-03 15:13:38'),
(766, 6, '9.1', '20', 237.96, 223.08, 208.21, 237.82, 212.79, 187.76, 146.46, 109.84, 73.23, 266.94, 237.28, 207.62, '2012-08-03 15:13:38'),
(767, 7, '9.1', '20', 103.01, 96.95, 90.89, 140.70, 125.89, 111.08, 64.72, 48.54, 32.36, 133.96, 119.07, 104.19, '2012-08-03 15:13:38'),
(768, 8, '9.1', '20', 71.05, 55.26, 39.47, 129.24, 115.63, 102.03, 81.35, 61.01, 40.68, 175.52, 156.02, 136.51, '2012-08-03 15:13:38'),
(769, 9, '9.1', '20', 53.68, 41.75, 29.82, 107.38, 102.01, 91.27, 65.14, 48.85, 32.57, 129.04, 114.70, 100.37, '2012-08-03 15:13:38'),
(770, 10, '9.1', '20', 72.08, 56.07, 40.05, 230.07, 205.85, 181.64, 87.19, 65.39, 43.60, 181.98, 161.76, 141.54, '2012-08-03 15:13:38'),
(771, 11, '9.1', '20', 72.08, 56.07, 40.05, 102.90, 92.07, 81.24, 86.62, 64.96, 43.31, 182.54, 162.26, 141.97, '2012-08-03 15:13:38'),
(772, 12, '9.1', '20', 152.95, 118.96, 84.97, 0.00, 0.00, 0.00, 151.46, 113.59, 75.73, 272.92, 242.59, 212.27, '2012-08-03 15:13:38'),
(773, 13, '9.1', '20', 72.08, 56.07, 40.05, 135.74, 121.45, 107.16, 87.19, 65.39, 43.60, 181.98, 161.76, 141.54, '2012-08-03 15:13:38'),
(774, 14, '9.1', '20', 72.08, 56.07, 40.05, 198.78, 177.85, 156.93, 68.06, 51.05, 34.03, 130.46, 115.97, 101.47, '2012-08-03 15:13:38'),
(775, 15, '9.1', '20', 97.38, 75.74, 54.10, 159.83, 143.00, 126.18, 84.96, 63.72, 42.48, 172.80, 153.60, 134.40, '2012-08-03 15:13:38'),
(776, 16, '9.1', '20', 72.08, 56.07, 40.05, 148.39, 132.77, 117.15, 87.19, 65.39, 43.60, 181.98, 161.76, 141.54, '2012-08-03 15:13:38'),
(777, 17, '9.1', '20', 97.38, 75.74, 54.10, 149.06, 141.61, 126.70, 84.96, 63.72, 42.48, 172.80, 153.60, 134.40, '2012-08-03 15:13:38'),
(778, 18, '9.1', '20', 97.38, 75.74, 54.10, 137.14, 130.28, 116.57, 84.96, 63.72, 42.48, 172.80, 153.60, 134.40, '2012-08-03 15:13:38'),
(779, 19, '9.1', '20', 97.38, 75.74, 54.10, 180.60, 161.59, 142.58, 84.96, 63.72, 42.48, 172.80, 153.60, 134.40, '2012-08-03 15:13:38'),
(780, 20, '9.1', '20', 175.55, 136.54, 97.53, 115.70, 109.92, 98.35, 151.46, 113.59, 75.73, 272.92, 242.59, 212.27, '2012-08-03 15:13:38'),
(781, 21, '9.1', '20', 53.68, 41.75, 29.82, 119.60, 113.62, 101.66, 65.14, 48.85, 32.57, 129.04, 114.70, 100.37, '2012-08-03 15:13:38'),
(782, 22, '9.1', '20', 53.68, 41.75, 29.82, 124.78, 118.54, 106.06, 65.14, 48.85, 32.57, 129.04, 114.70, 100.37, '2012-08-03 15:13:38'),
(783, 23, '9.1', '20', 72.08, 56.07, 40.05, 137.56, 123.08, 108.60, 87.19, 65.39, 43.60, 181.98, 161.76, 141.54, '2012-08-03 15:13:38'),
(784, 24, '9.1', '20', 72.08, 56.07, 40.05, 138.19, 123.64, 109.10, 87.19, 65.39, 43.60, 181.98, 161.76, 141.54, '2012-08-03 15:13:38'),
(785, 25, '9.1', '20', 72.08, 56.07, 40.05, 185.57, 166.04, 146.51, 87.19, 65.39, 43.60, 181.98, 161.76, 141.54, '2012-08-03 15:13:38'),
(786, 26, '9.1', '20', 72.08, 56.07, 40.05, 134.20, 120.07, 105.95, 87.19, 65.39, 43.60, 181.98, 161.76, 141.54, '2012-08-03 15:13:38'),
(787, 27, '9.1', '20', 97.38, 75.74, 54.10, 94.60, 89.87, 80.41, 84.96, 63.72, 42.48, 172.80, 153.60, 134.40, '2012-08-03 15:13:38'),
(788, 28, '9.1', '20', 97.38, 75.74, 54.10, 207.82, 185.95, 164.07, 84.96, 63.72, 42.48, 172.80, 153.60, 134.40, '2012-08-03 15:13:38'),
(789, 29, '9.1', '20', 97.38, 75.74, 54.10, 142.68, 135.55, 121.28, 84.96, 63.72, 42.48, 172.80, 153.60, 134.40, '2012-08-03 15:13:38'),
(790, 30, '9.1', '20', 63.31, 49.24, 35.17, 133.98, 127.28, 113.88, 84.96, 63.72, 42.48, 172.80, 153.60, 134.40, '2012-08-03 15:13:38'),
(791, 31, '9.1', '20', 97.38, 75.74, 54.10, 159.84, 151.85, 135.86, 84.96, 63.72, 42.48, 172.80, 153.60, 134.40, '2012-08-03 15:13:38'),
(792, 32, '9.1', '20', 55.65, 43.28, 30.92, 113.58, 107.90, 96.54, 68.26, 51.19, 34.13, 131.35, 116.75, 102.16, '2012-08-03 15:13:38'),
(793, 33, '9.1', '20', 55.65, 43.28, 30.92, 80.58, 76.55, 68.49, 68.26, 51.19, 34.13, 131.35, 116.75, 102.16, '2012-08-03 15:13:38'),
(794, 34, '9.1', '20', 175.55, 136.54, 97.53, 189.49, 169.54, 149.60, 151.46, 113.59, 75.73, 272.92, 242.59, 212.27, '2012-08-03 15:13:38'),
(795, 35, '9.1', '20', 175.55, 136.54, 97.53, 238.09, 213.03, 187.97, 151.46, 113.59, 75.73, 272.92, 242.59, 212.27, '2012-08-03 15:13:38'),
(796, 36, '9.1', '20', 133.85, 104.11, 74.36, 114.15, 102.14, 90.12, 146.46, 109.84, 73.23, 266.94, 237.28, 207.62, '2012-08-03 15:13:38'),
(797, 37, '9.1', '20', 55.65, 43.28, 30.92, 74.50, 70.78, 63.33, 68.26, 51.19, 34.13, 131.35, 116.75, 102.16, '2012-08-03 15:13:38'),
(798, 38, '9.1', '20', 72.08, 56.07, 40.05, 221.92, 210.82, 188.63, 64.72, 48.54, 32.36, 133.96, 119.07, 104.19, '2012-08-03 15:13:38'),
(799, 1, '13.6', '30', 142.06, 127.11, 112.16, 139.76, 125.05, 110.34, 56.04, 42.03, 28.02, 94.90, 84.35, 73.81, '2012-08-03 15:13:38'),
(800, 2, '13.6', '30', 132.61, 117.01, 109.21, 108.12, 102.71, 91.90, 86.95, 65.21, 43.48, 175.86, 156.32, 136.78, '2012-08-03 15:13:38'),
(801, 3, '13.6', '30', 159.45, 140.69, 131.32, 170.84, 162.30, 145.21, 99.60, 74.70, 49.80, 209.61, 186.32, 163.03, '2012-08-03 15:13:38'),
(802, 4, '13.6', '30', 132.61, 117.01, 109.21, 135.86, 129.07, 115.48, 86.95, 65.21, 43.48, 175.86, 156.32, 136.78, '2012-08-03 15:13:38'),
(803, 5, '13.6', '30', 327.98, 289.39, 270.10, 333.66, 298.54, 263.42, 201.73, 151.30, 100.86, 351.86, 312.77, 273.67, '2012-08-03 15:13:38'),
(804, 6, '13.6', '30', 308.68, 289.39, 270.10, 303.94, 271.95, 239.96, 198.87, 149.15, 99.44, 344.16, 305.92, 267.68, '2012-08-03 15:13:38'),
(805, 7, '13.6', '30', 130.86, 123.16, 115.46, 176.42, 157.85, 139.28, 85.67, 64.25, 42.84, 155.74, 138.43, 121.13, '2012-08-03 15:13:38'),
(806, 8, '13.6', '30', 92.13, 71.66, 51.18, 180.35, 161.36, 142.38, 103.54, 77.66, 51.77, 218.25, 194.00, 169.75, '2012-08-03 15:13:38'),
(807, 9, '13.6', '30', 68.13, 52.99, 37.85, 148.98, 141.53, 126.63, 85.02, 63.76, 42.51, 165.33, 146.96, 128.59, '2012-08-03 15:13:38'),
(808, 10, '13.6', '30', 94.67, 73.63, 52.59, 334.19, 299.01, 263.84, 113.70, 85.27, 56.85, 233.50, 207.55, 181.61, '2012-08-03 15:13:38'),
(809, 11, '13.6', '30', 94.67, 73.63, 52.59, 143.18, 128.11, 113.04, 111.81, 83.86, 55.90, 228.29, 202.93, 177.56, '2012-08-03 15:13:38'),
(810, 12, '13.6', '30', 193.49, 150.49, 107.49, 0.00, 0.00, 0.00, 201.73, 151.30, 100.86, 351.86, 312.77, 273.67, '2012-08-03 15:13:38'),
(811, 13, '13.6', '30', 94.67, 73.63, 52.59, 188.37, 168.54, 148.71, 113.70, 85.27, 56.85, 233.50, 207.55, 181.61, '2012-08-03 15:13:38'),
(812, 14, '13.6', '30', 94.67, 73.63, 52.59, 272.88, 244.15, 215.43, 80.62, 60.47, 40.31, 169.52, 150.69, 131.85, '2012-08-03 15:13:38'),
(813, 15, '13.6', '30', 125.35, 97.50, 69.64, 222.34, 198.93, 175.53, 110.78, 83.09, 55.39, 221.71, 197.07, 172.44, '2012-08-03 15:13:38'),
(814, 16, '13.6', '30', 94.67, 73.63, 52.59, 203.68, 182.24, 160.80, 113.70, 85.27, 56.85, 233.50, 207.55, 181.61, '2012-08-03 15:13:38'),
(815, 17, '13.6', '30', 125.35, 97.50, 69.64, 210.06, 199.56, 178.55, 110.78, 83.09, 55.39, 221.71, 197.07, 172.44, '2012-08-03 15:13:38'),
(816, 18, '13.6', '30', 125.35, 97.50, 69.64, 183.54, 174.36, 156.01, 110.78, 83.09, 55.39, 221.71, 197.07, 172.44, '2012-08-03 15:13:38'),
(817, 19, '13.6', '30', 125.35, 97.50, 69.64, 250.14, 223.81, 197.48, 110.78, 83.09, 55.39, 221.71, 197.07, 172.44, '2012-08-03 15:13:38'),
(818, 20, '13.6', '30', 227.72, 177.11, 126.51, 156.10, 148.30, 132.69, 201.73, 151.30, 100.86, 351.86, 312.77, 273.67, '2012-08-03 15:13:38'),
(819, 21, '13.6', '30', 68.13, 52.99, 37.85, 166.40, 158.08, 141.44, 85.02, 63.76, 42.51, 165.33, 146.96, 128.59, '2012-08-03 15:13:38'),
(820, 22, '13.6', '30', 68.13, 52.99, 37.85, 175.58, 166.80, 149.24, 85.02, 63.76, 42.51, 165.33, 146.96, 128.59, '2012-08-03 15:13:38'),
(821, 23, '13.6', '30', 94.67, 73.63, 52.59, 195.32, 174.76, 154.20, 113.70, 85.27, 56.85, 233.50, 207.55, 181.61, '2012-08-03 15:13:38'),
(822, 24, '13.6', '30', 94.67, 73.63, 52.59, 197.47, 176.68, 155.90, 113.70, 85.27, 56.85, 233.50, 207.55, 181.61, '2012-08-03 15:13:38'),
(823, 25, '13.6', '30', 94.67, 73.63, 52.59, 260.43, 233.02, 205.61, 113.70, 85.27, 56.85, 233.50, 207.55, 181.61, '2012-08-03 15:13:38'),
(824, 26, '13.6', '30', 94.67, 73.63, 52.59, 190.06, 170.05, 150.05, 113.70, 85.27, 56.85, 233.50, 207.55, 181.61, '2012-08-03 15:13:38'),
(825, 27, '13.6', '30', 125.35, 97.50, 69.64, 128.60, 122.17, 109.31, 110.78, 83.09, 55.39, 221.71, 197.07, 172.44, '2012-08-03 15:13:38'),
(826, 28, '13.6', '30', 125.35, 97.50, 69.64, 267.10, 238.99, 210.87, 110.78, 83.09, 55.39, 221.71, 197.07, 172.44, '2012-08-03 15:13:38'),
(827, 29, '13.6', '30', 125.35, 97.50, 69.64, 189.48, 180.01, 161.06, 110.78, 83.09, 55.39, 221.71, 197.07, 172.44, '2012-08-03 15:13:38'),
(828, 30, '13.6', '30', 88.73, 69.01, 49.29, 187.78, 178.39, 159.61, 110.78, 83.09, 55.39, 221.71, 197.07, 172.44, '2012-08-03 15:13:38'),
(829, 31, '13.6', '30', 125.35, 97.50, 69.64, 231.04, 219.49, 196.38, 110.78, 83.09, 55.39, 221.71, 197.07, 172.44, '2012-08-03 15:13:38'),
(830, 32, '13.6', '30', 70.20, 54.60, 39.00, 153.18, 145.52, 130.20, 86.95, 65.21, 43.48, 175.86, 156.32, 136.78, '2012-08-03 15:13:38'),
(831, 33, '13.6', '30', 70.20, 54.60, 39.00, 103.38, 98.21, 87.87, 86.95, 65.21, 43.48, 175.86, 156.32, 136.78, '2012-08-03 15:13:38'),
(832, 34, '13.6', '30', 227.72, 177.11, 126.51, 248.01, 221.90, 195.80, 201.73, 151.30, 100.86, 351.86, 312.77, 273.67, '2012-08-03 15:13:38'),
(833, 35, '13.6', '30', 227.72, 177.11, 126.51, 332.71, 297.69, 262.67, 201.73, 151.30, 100.86, 351.86, 312.77, 273.67, '2012-08-03 15:13:38'),
(834, 36, '13.6', '30', 173.63, 135.05, 96.46, 157.85, 141.24, 124.62, 198.87, 149.15, 99.44, 344.16, 305.92, 267.68, '2012-08-03 15:13:38'),
(835, 37, '13.6', '30', 70.20, 54.60, 39.00, 94.10, 89.40, 79.99, 86.95, 65.21, 43.48, 175.86, 156.32, 136.78, '2012-08-03 15:13:38'),
(836, 38, '13.6', '30', 94.67, 73.63, 52.59, 318.92, 302.97, 271.08, 85.67, 64.25, 42.84, 155.74, 138.43, 121.13, '2012-08-03 15:13:38'),
(837, 1, '18.2', '40', 165.41, 147.99, 130.58, 177.76, 159.05, 140.34, 66.61, 49.96, 33.30, 115.87, 102.99, 90.12, '2012-08-03 15:13:38'),
(838, 2, '18.2', '40', 160.10, 141.26, 131.84, 132.12, 125.51, 112.30, 106.36, 79.77, 53.18, 200.00, 177.78, 155.55, '2012-08-03 15:13:38'),
(839, 3, '18.2', '40', 192.12, 169.52, 158.22, 215.64, 204.86, 183.29, 120.47, 90.35, 60.24, 249.03, 221.36, 193.69, '2012-08-03 15:13:38'),
(840, 4, '18.2', '40', 160.10, 141.26, 131.84, 169.86, 161.37, 144.38, 106.36, 79.77, 53.18, 200.00, 177.78, 155.55, '2012-08-03 15:13:38'),
(841, 5, '18.2', '40', 403.12, 355.70, 331.98, 436.26, 390.34, 344.42, 247.71, 185.78, 123.86, 416.84, 370.53, 324.21, '2012-08-03 15:13:38'),
(842, 6, '18.2', '40', 379.41, 355.70, 331.98, 369.30, 330.43, 291.56, 240.85, 180.64, 120.42, 407.72, 362.42, 317.11, '2012-08-03 15:13:38'),
(843, 7, '18.2', '40', 158.70, 149.37, 140.03, 212.14, 189.81, 167.48, 103.12, 77.34, 51.56, 193.32, 171.84, 150.36, '2012-08-03 15:13:38'),
(844, 8, '18.2', '40', 113.20, 88.05, 62.89, 231.46, 207.09, 182.73, 128.76, 96.57, 64.38, 261.49, 232.43, 203.38, '2012-08-03 15:13:38'),
(845, 9, '18.2', '40', 82.59, 64.24, 45.89, 190.58, 181.05, 161.99, 103.24, 77.43, 51.62, 196.92, 175.04, 153.16, '2012-08-03 15:13:38'),
(846, 10, '18.2', '40', 117.26, 91.20, 65.14, 438.31, 392.17, 346.04, 140.81, 105.61, 70.40, 284.35, 252.75, 221.16, '2012-08-03 15:13:38'),
(847, 11, '18.2', '40', 117.26, 91.20, 65.14, 183.46, 164.15, 144.84, 136.82, 102.61, 68.41, 276.91, 246.14, 215.38, '2012-08-03 15:13:38'),
(848, 12, '18.2', '40', 234.03, 182.02, 130.02, 0.00, 0.00, 0.00, 247.71, 185.78, 123.86, 416.84, 370.53, 324.21, '2012-08-03 15:13:38'),
(849, 13, '18.2', '40', 117.26, 91.20, 65.14, 241.00, 215.63, 190.26, 140.81, 105.61, 70.40, 284.35, 252.75, 221.16, '2012-08-03 15:13:38'),
(850, 14, '18.2', '40', 117.26, 91.20, 65.14, 344.13, 307.90, 271.68, 108.10, 81.07, 54.05, 201.29, 178.93, 156.56, '2012-08-03 15:13:38'),
(851, 15, '18.2', '40', 153.33, 119.25, 85.18, 284.85, 254.86, 224.88, 137.21, 102.91, 68.60, 270.00, 240.00, 210.00, '2012-08-03 15:13:38'),
(852, 16, '18.2', '40', 117.26, 91.20, 65.14, 258.97, 231.71, 204.45, 140.81, 105.61, 70.40, 284.35, 252.75, 221.16, '2012-08-03 15:13:38'),
(853, 17, '18.2', '40', 153.33, 119.25, 85.18, 271.06, 257.51, 230.40, 137.21, 102.91, 68.60, 270.00, 240.00, 210.00, '2012-08-03 15:13:38'),
(854, 18, '18.2', '40', 153.33, 119.25, 85.18, 229.94, 218.44, 195.45, 137.21, 102.91, 68.60, 270.00, 240.00, 210.00, '2012-08-03 15:13:38'),
(855, 19, '18.2', '40', 153.33, 119.25, 85.18, 315.88, 282.63, 249.38, 137.21, 102.91, 68.60, 270.00, 240.00, 210.00, '2012-08-03 15:13:38'),
(856, 20, '18.2', '40', 279.88, 217.68, 155.49, 196.50, 186.68, 167.03, 247.71, 185.78, 123.86, 416.84, 370.53, 324.21, '2012-08-03 15:13:38'),
(857, 21, '18.2', '40', 82.59, 64.24, 45.89, 213.20, 202.54, 181.22, 103.24, 77.43, 51.62, 196.92, 175.04, 153.16, '2012-08-03 15:13:38'),
(858, 22, '18.2', '40', 82.59, 64.24, 45.89, 226.38, 215.06, 192.42, 103.24, 77.43, 51.62, 196.92, 175.04, 153.16, '2012-08-03 15:13:38'),
(859, 23, '18.2', '40', 117.26, 91.20, 65.14, 253.08, 226.44, 199.80, 140.81, 105.61, 70.40, 284.35, 252.75, 221.16, '2012-08-03 15:13:38'),
(860, 24, '18.2', '40', 117.26, 91.20, 65.14, 256.75, 229.72, 202.70, 140.81, 105.61, 70.40, 284.35, 252.75, 221.16, '2012-08-03 15:13:38'),
(861, 25, '18.2', '40', 117.26, 91.20, 65.14, 335.29, 300.00, 264.71, 140.81, 105.61, 70.40, 284.35, 252.75, 221.16, '2012-08-03 15:13:38'),
(862, 26, '18.2', '40', 117.26, 91.20, 65.14, 244.78, 219.01, 193.25, 140.81, 105.61, 70.40, 284.35, 252.75, 221.16, '2012-08-03 15:13:38'),
(863, 27, '18.2', '40', 153.33, 119.25, 85.18, 162.60, 154.47, 138.21, 137.21, 102.91, 68.60, 270.00, 240.00, 210.00, '2012-08-03 15:13:38'),
(864, 28, '18.2', '40', 153.33, 119.25, 85.18, 326.38, 292.03, 257.67, 137.21, 102.91, 68.60, 270.00, 240.00, 210.00, '2012-08-03 15:13:38'),
(865, 29, '18.2', '40', 153.33, 119.25, 85.18, 236.28, 224.47, 200.84, 137.21, 102.91, 68.60, 270.00, 240.00, 210.00, '2012-08-03 15:13:38'),
(866, 30, '18.2', '40', 114.15, 88.78, 63.41, 241.58, 229.50, 205.34, 137.21, 102.91, 68.60, 270.00, 240.00, 210.00, '2012-08-03 15:13:38'),
(867, 31, '18.2', '40', 153.33, 119.25, 85.18, 302.24, 287.13, 256.90, 137.21, 102.91, 68.60, 270.00, 240.00, 210.00, '2012-08-03 15:13:38'),
(868, 32, '18.2', '40', 84.76, 65.92, 47.09, 192.78, 183.14, 163.86, 106.36, 79.77, 53.18, 200.00, 177.78, 155.55, '2012-08-03 15:13:38'),
(869, 33, '18.2', '40', 84.76, 65.92, 47.09, 126.18, 119.87, 107.25, 106.36, 79.77, 53.18, 200.00, 177.78, 155.55, '2012-08-03 15:13:38'),
(870, 34, '18.2', '40', 279.88, 217.68, 155.49, 304.25, 272.22, 240.20, 247.71, 185.78, 123.86, 416.84, 370.53, 324.21, '2012-08-03 15:13:38'),
(871, 35, '18.2', '40', 279.88, 217.68, 155.49, 423.72, 379.12, 334.52, 247.71, 185.78, 123.86, 416.84, 370.53, 324.21, '2012-08-03 15:13:38'),
(872, 36, '18.2', '40', 213.42, 165.99, 118.57, 201.55, 180.34, 159.12, 240.85, 180.64, 120.42, 407.72, 362.42, 317.11, '2012-08-03 15:13:38'),
(873, 37, '18.2', '40', 84.76, 65.92, 47.09, 113.70, 108.02, 96.65, 106.36, 79.77, 53.18, 200.00, 177.78, 155.55, '2012-08-03 15:13:38'),
(874, 38, '18.2', '40', 117.26, 91.20, 65.14, 415.92, 395.12, 353.53, 103.12, 77.34, 51.56, 193.32, 171.84, 150.36, '2012-08-03 15:13:38'),
(875, 1, '22.7', '50', 188.75, 168.88, 149.01, 215.76, 193.05, 170.34, 76.65, 57.49, 38.32, 135.70, 120.62, 105.55, '2012-08-03 15:13:38'),
(876, 2, '22.7', '50', 187.59, 165.52, 154.48, 156.12, 148.31, 132.70, 122.51, 91.88, 61.26, 226.08, 200.96, 175.84, '2012-08-03 15:13:38'),
(877, 3, '22.7', '50', 224.79, 198.34, 185.12, 260.44, 247.42, 221.37, 141.44, 106.08, 70.72, 284.96, 253.30, 221.63, '2012-08-03 15:13:38'),
(878, 4, '22.7', '50', 187.59, 165.52, 154.48, 203.86, 193.67, 173.28, 122.51, 91.88, 61.26, 226.08, 200.96, 175.84, '2012-08-03 15:13:38'),
(879, 5, '22.7', '50', 478.27, 422.01, 393.87, 538.86, 482.14, 425.42, 286.66, 215.00, 143.33, 483.39, 429.68, 375.97, '2012-08-03 15:13:38'),
(880, 6, '22.7', '50', 450.14, 422.01, 393.87, 434.66, 388.91, 343.16, 282.60, 211.95, 141.30, 472.79, 420.26, 367.72, '2012-08-03 15:13:38'),
(881, 7, '22.7', '50', 186.55, 175.58, 164.60, 247.86, 221.77, 195.68, 121.51, 91.13, 60.76, 215.21, 191.30, 167.38, '2012-08-03 15:13:38'),
(882, 8, '22.7', '50', 134.28, 104.44, 74.60, 282.57, 252.82, 223.08, 149.66, 112.24, 74.83, 294.37, 261.66, 228.96, '2012-08-03 15:13:38'),
(883, 9, '22.7', '50', 97.05, 75.48, 53.92, 232.18, 220.57, 197.35, 120.04, 90.03, 60.02, 221.83, 197.18, 172.54, '2012-08-03 15:13:38'),
(884, 10, '22.7', '50', 139.84, 108.77, 77.69, 542.43, 485.33, 428.24, 167.81, 125.86, 83.90, 327.33, 290.96, 254.59, '2012-08-03 15:13:38'),
(885, 11, '22.7', '50', 139.84, 108.77, 77.69, 223.74, 200.19, 176.64, 164.03, 123.02, 82.02, 316.42, 281.26, 246.11, '2012-08-03 15:13:38'),
(886, 12, '22.7', '50', 274.57, 213.55, 152.54, 0.00, 0.00, 0.00, 286.66, 215.00, 143.33, 483.39, 429.68, 375.97, '2012-08-03 15:13:38'),
(887, 13, '22.7', '50', 139.84, 108.77, 77.69, 293.63, 262.72, 231.81, 167.81, 125.86, 83.90, 327.33, 290.96, 254.59, '2012-08-03 15:13:38'),
(888, 14, '22.7', '50', 139.84, 108.77, 77.69, 415.38, 371.65, 327.93, 120.95, 90.71, 60.48, 228.15, 202.80, 177.45, '2012-08-03 15:13:38'),
(889, 15, '22.7', '50', 181.30, 141.01, 100.72, 347.36, 310.79, 274.23, 163.51, 122.63, 81.76, 307.98, 273.76, 239.54, '2012-08-03 15:13:38'),
(890, 16, '22.7', '50', 139.84, 108.77, 77.69, 314.26, 281.18, 248.10, 167.81, 125.86, 83.90, 327.33, 290.96, 254.59, '2012-08-03 15:13:38'),
(891, 17, '22.7', '50', 181.30, 141.01, 100.72, 332.06, 315.46, 282.25, 163.51, 122.63, 81.76, 307.98, 273.76, 239.54, '2012-08-03 15:13:38'),
(892, 18, '22.7', '50', 181.30, 141.01, 100.72, 276.34, 262.52, 234.89, 163.51, 122.63, 81.76, 307.98, 273.76, 239.54, '2012-08-03 15:13:38'),
(893, 19, '22.7', '50', 181.30, 141.01, 100.72, 381.62, 341.45, 301.28, 163.51, 122.63, 81.76, 307.98, 273.76, 239.54, '2012-08-03 15:13:38'),
(894, 20, '22.7', '50', 332.04, 258.26, 184.47, 236.90, 225.06, 201.37, 286.66, 215.00, 143.33, 483.39, 429.68, 375.97, '2012-08-03 15:13:38'),
(895, 21, '22.7', '50', 97.05, 75.48, 53.92, 260.00, 247.00, 221.00, 120.04, 90.03, 60.02, 221.83, 197.18, 172.54, '2012-08-03 15:13:38'),
(896, 22, '22.7', '50', 97.05, 75.48, 53.92, 277.18, 263.32, 235.60, 120.04, 90.03, 60.02, 221.83, 197.18, 172.54, '2012-08-03 15:13:38'),
(897, 23, '22.7', '50', 139.84, 108.77, 77.69, 310.84, 278.12, 245.40, 167.81, 125.86, 83.90, 327.33, 290.96, 254.59, '2012-08-03 15:13:38'),
(898, 24, '22.7', '50', 139.84, 108.77, 77.69, 316.03, 282.76, 249.50, 167.81, 125.86, 83.90, 327.33, 290.96, 254.59, '2012-08-03 15:13:38'),
(899, 25, '22.7', '50', 139.84, 108.77, 77.69, 410.15, 366.98, 323.81, 167.81, 125.86, 83.90, 327.33, 290.96, 254.59, '2012-08-03 15:13:38'),
(900, 26, '22.7', '50', 139.84, 108.77, 77.69, 299.50, 267.97, 236.45, 167.81, 125.86, 83.90, 327.33, 290.96, 254.59, '2012-08-03 15:13:38'),
(901, 27, '22.7', '50', 181.30, 141.01, 100.72, 196.60, 186.77, 167.11, 163.51, 122.63, 81.76, 307.98, 273.76, 239.54, '2012-08-03 15:13:38'),
(902, 28, '22.7', '50', 181.30, 141.01, 100.72, 385.66, 345.07, 304.47, 163.51, 122.63, 81.76, 307.98, 273.76, 239.54, '2012-08-03 15:13:38'),
(903, 29, '22.7', '50', 181.30, 141.01, 100.72, 283.08, 268.93, 240.62, 163.51, 122.63, 81.76, 307.98, 273.76, 239.54, '2012-08-03 15:13:38'),
(904, 30, '22.7', '50', 139.57, 108.55, 77.54, 295.38, 280.61, 251.07, 163.51, 122.63, 81.76, 307.98, 273.76, 239.54, '2012-08-03 15:13:38'),
(905, 31, '22.7', '50', 181.30, 141.01, 100.72, 373.44, 354.77, 317.42, 163.51, 122.63, 81.76, 307.98, 273.76, 239.54, '2012-08-03 15:13:38'),
(906, 32, '22.7', '50', 99.31, 77.24, 55.17, 232.38, 220.76, 197.52, 122.51, 91.88, 61.26, 226.08, 200.96, 175.84, '2012-08-03 15:13:38'),
(907, 33, '22.7', '50', 99.31, 77.24, 55.17, 148.98, 141.53, 126.63, 122.51, 91.88, 61.26, 226.08, 200.96, 175.84, '2012-08-03 15:13:38'),
(908, 34, '22.7', '50', 332.04, 258.26, 184.47, 360.49, 322.54, 284.60, 286.66, 215.00, 143.33, 483.39, 429.68, 375.97, '2012-08-03 15:13:38'),
(909, 35, '22.7', '50', 332.04, 258.26, 184.47, 514.73, 460.55, 406.37, 286.66, 215.00, 143.33, 483.39, 429.68, 375.97, '2012-08-03 15:13:38'),
(910, 36, '22.7', '50', 253.20, 196.94, 140.67, 245.25, 219.44, 193.62, 282.60, 211.95, 141.30, 472.79, 420.26, 367.72, '2012-08-03 15:13:38'),
(911, 37, '22.7', '50', 99.31, 77.24, 55.17, 133.30, 126.64, 113.31, 122.51, 91.88, 61.26, 226.08, 200.96, 175.84, '2012-08-03 15:13:38'),
(912, 38, '22.7', '50', 139.84, 108.77, 77.69, 512.92, 487.27, 435.98, 121.51, 91.13, 60.76, 215.21, 191.30, 167.38, '2012-08-03 15:13:38'),
(913, 1, '27.2', '60', 207.70, 185.84, 163.97, 253.76, 227.05, 200.34, 85.59, 64.19, 42.80, 153.13, 136.11, 119.10, '2012-08-03 15:13:38'),
(914, 2, '27.2', '60', 218.29, 192.61, 179.77, 180.12, 171.11, 153.10, 142.91, 107.18, 71.46, 252.16, 224.14, 196.13, '2012-08-03 15:13:38'),
(915, 3, '27.2', '60', 260.31, 229.68, 214.37, 305.24, 289.98, 259.45, 164.22, 123.16, 82.11, 309.29, 274.93, 240.56, '2012-08-03 15:13:38'),
(916, 4, '27.2', '60', 218.29, 192.61, 179.77, 237.86, 225.97, 202.18, 142.91, 107.18, 71.46, 252.16, 224.14, 196.13, '2012-08-03 15:13:38'),
(917, 5, '27.2', '60', 547.35, 482.96, 450.76, 641.46, 573.94, 506.42, 326.06, 244.54, 163.03, 524.30, 466.05, 407.79, '2012-08-03 15:13:38'),
(918, 6, '27.2', '60', 515.16, 482.96, 450.76, 506.29, 453.00, 399.71, 315.36, 236.52, 157.68, 512.82, 455.84, 398.86, '2012-08-03 15:13:38'),
(919, 7, '27.2', '60', 215.65, 202.96, 190.28, 283.58, 253.73, 223.88, 138.80, 104.10, 69.40, 248.35, 220.75, 193.16, '2012-08-03 15:13:38'),
(920, 8, '27.2', '60', 154.21, 119.94, 85.67, 333.68, 298.55, 263.43, 182.89, 137.17, 91.44, 306.81, 272.72, 238.63, '2012-08-03 15:13:38'),
(921, 9, '27.2', '60', 112.36, 87.39, 62.42, 273.78, 260.09, 232.71, 137.12, 102.84, 68.56, 251.75, 223.78, 195.80, '2012-08-03 15:13:38'),
(922, 10, '27.2', '60', 161.29, 125.45, 89.61, 646.55, 578.49, 510.44, 199.72, 149.79, 99.86, 360.32, 320.29, 280.25, '2012-08-03 15:13:38'),
(923, 11, '27.2', '60', 161.29, 125.45, 89.61, 264.02, 236.23, 208.44, 193.78, 145.33, 96.89, 351.20, 312.18, 273.15, '2012-08-03 15:13:38'),
(924, 12, '27.2', '60', 312.18, 242.81, 173.43, 0.00, 0.00, 0.00, 326.06, 244.54, 163.03, 524.30, 466.05, 407.79, '2012-08-03 15:13:38'),
(925, 13, '27.2', '60', 161.29, 125.45, 89.61, 346.26, 309.81, 273.36, 199.72, 149.79, 99.86, 360.32, 320.29, 280.25, '2012-08-03 15:13:38'),
(926, 14, '27.2', '60', 161.29, 125.45, 89.61, 486.63, 435.40, 384.18, 148.85, 111.64, 74.42, 253.39, 225.23, 197.08, '2012-08-03 15:13:38'),
(927, 15, '27.2', '60', 213.90, 166.37, 118.83, 409.87, 366.72, 323.58, 194.61, 145.96, 97.30, 339.05, 301.38, 263.70, '2012-08-03 15:13:38'),
(928, 16, '27.2', '60', 161.29, 125.45, 89.61, 369.55, 330.65, 291.75, 199.72, 149.79, 99.86, 360.32, 320.29, 280.25, '2012-08-03 15:13:38'),
(929, 17, '27.2', '60', 213.90, 166.37, 118.83, 393.06, 373.41, 334.10, 194.61, 145.96, 97.30, 339.05, 301.38, 263.70, '2012-08-03 15:13:38'),
(930, 18, '27.2', '60', 213.90, 166.37, 118.83, 322.74, 306.60, 274.33, 194.61, 145.96, 97.30, 339.05, 301.38, 263.70, '2012-08-03 15:13:38'),
(931, 19, '27.2', '60', 213.90, 166.37, 118.83, 447.36, 400.27, 353.18, 194.61, 145.96, 97.30, 339.05, 301.38, 263.70, '2012-08-03 15:13:38'),
(932, 20, '27.2', '60', 380.33, 295.82, 211.30, 277.30, 263.44, 235.71, 326.06, 244.54, 163.03, 524.30, 466.05, 407.79, '2012-08-03 15:13:38'),
(933, 21, '27.2', '60', 112.36, 87.39, 62.42, 306.80, 291.46, 260.78, 137.12, 102.84, 68.56, 251.75, 223.78, 195.80, '2012-08-03 15:13:38'),
(934, 22, '27.2', '60', 112.36, 87.39, 62.42, 327.98, 311.58, 278.78, 137.12, 102.84, 68.56, 251.75, 223.78, 195.80, '2012-08-03 15:13:38'),
(935, 23, '27.2', '60', 161.29, 125.45, 89.61, 368.60, 329.80, 291.00, 199.72, 149.79, 99.86, 360.32, 320.29, 280.25, '2012-08-03 15:13:38'),
(936, 24, '27.2', '60', 161.29, 125.45, 89.61, 375.31, 335.80, 296.30, 199.72, 149.79, 99.86, 360.32, 320.29, 280.25, '2012-08-03 15:13:38'),
(937, 25, '27.2', '60', 161.29, 125.45, 89.61, 485.01, 433.96, 382.91, 199.72, 149.79, 99.86, 360.32, 320.29, 280.25, '2012-08-03 15:13:38'),
(938, 26, '27.2', '60', 161.29, 125.45, 89.61, 354.22, 316.93, 279.65, 199.72, 149.79, 99.86, 360.32, 320.29, 280.25, '2012-08-03 15:13:38'),
(939, 27, '27.2', '60', 213.90, 166.37, 118.83, 230.60, 219.07, 196.01, 194.61, 145.96, 97.30, 339.05, 301.38, 263.70, '2012-08-03 15:13:38'),
(940, 28, '27.2', '60', 213.90, 166.37, 118.83, 444.94, 398.11, 351.27, 194.61, 145.96, 97.30, 339.05, 301.38, 263.70, '2012-08-03 15:13:38'),
(941, 29, '27.2', '60', 213.90, 166.37, 118.83, 329.88, 313.39, 280.40, 194.61, 145.96, 97.30, 339.05, 301.38, 263.70, '2012-08-03 15:13:38'),
(942, 30, '27.2', '60', 164.99, 128.32, 91.66, 349.18, 331.72, 296.80, 194.61, 145.96, 97.30, 339.05, 301.38, 263.70, '2012-08-03 15:13:38'),
(943, 31, '27.2', '60', 213.90, 166.37, 118.83, 444.64, 422.41, 377.94, 194.61, 145.96, 97.30, 339.05, 301.38, 263.70, '2012-08-03 15:13:38'),
(944, 32, '27.2', '60', 115.56, 89.88, 64.20, 271.98, 258.38, 231.18, 142.91, 107.18, 71.46, 252.16, 224.14, 196.13, '2012-08-03 15:13:38'),
(945, 33, '27.2', '60', 115.56, 89.88, 64.20, 171.78, 163.19, 146.01, 142.91, 107.18, 71.46, 252.16, 224.14, 196.13, '2012-08-03 15:13:38'),
(946, 34, '27.2', '60', 380.33, 295.82, 211.30, 416.73, 372.86, 329.00, 326.06, 244.54, 163.03, 524.30, 466.05, 407.79, '2012-08-03 15:13:38'),
(947, 35, '27.2', '60', 380.33, 295.82, 211.30, 605.74, 541.98, 478.22, 326.06, 244.54, 163.03, 524.30, 466.05, 407.79, '2012-08-03 15:13:38'),
(948, 36, '27.2', '60', 289.77, 225.38, 160.99, 288.95, 258.54, 228.12, 315.36, 236.52, 157.68, 512.82, 455.84, 398.86, '2012-08-03 15:13:38'),
(949, 37, '27.2', '60', 115.56, 89.88, 64.20, 152.90, 145.26, 129.97, 142.91, 107.18, 71.46, 252.16, 224.14, 196.13, '2012-08-03 15:13:38'),
(950, 38, '27.2', '60', 161.29, 125.45, 89.61, 609.92, 579.42, 518.43, 138.80, 104.10, 69.40, 248.35, 220.75, 193.16, '2012-08-03 15:13:38'),
(951, 1, '31.8', '70', 226.65, 202.79, 178.94, 291.76, 261.05, 230.34, 93.64, 70.23, 46.82, 170.44, 151.50, 132.57, '2012-08-03 15:13:38'),
(952, 2, '31.8', '70', 248.99, 219.70, 205.05, 204.12, 193.91, 173.50, 162.48, 121.86, 81.24, 267.62, 237.89, 208.15, '2012-08-03 15:13:38'),
(953, 3, '31.8', '70', 295.83, 261.02, 243.62, 350.04, 332.54, 297.53, 186.35, 139.76, 93.18, 324.99, 288.88, 252.77, '2012-08-03 15:13:38'),
(954, 4, '31.8', '70', 248.99, 219.70, 205.05, 271.86, 258.27, 231.08, 162.48, 121.86, 81.24, 267.62, 237.89, 208.15, '2012-08-03 15:13:38'),
(955, 5, '31.8', '70', 616.43, 543.91, 507.65, 744.06, 665.74, 587.42, 364.93, 273.70, 182.46, 547.85, 486.98, 426.10, '2012-08-03 15:13:38'),
(956, 6, '31.8', '70', 580.17, 543.91, 507.65, 577.92, 517.09, 456.26, 352.87, 264.65, 176.44, 540.34, 480.30, 420.27, '2012-08-03 15:13:38'),
(957, 7, '31.8', '70', 244.74, 230.34, 215.95, 319.30, 285.69, 252.08, 156.97, 117.73, 78.48, 267.37, 237.66, 207.96, '2012-08-03 15:13:38'),
(958, 8, '31.8', '70', 174.15, 135.45, 96.75, 384.79, 344.28, 303.78, 200.18, 150.14, 100.09, 313.24, 278.43, 243.63, '2012-08-03 15:13:38'),
(959, 9, '31.8', '70', 127.67, 99.30, 70.93, 315.38, 299.61, 268.07, 155.06, 116.30, 77.53, 280.40, 249.25, 218.09, '2012-08-03 15:13:38'),
(960, 10, '31.8', '70', 182.74, 142.13, 101.52, 750.67, 671.65, 592.64, 231.31, 173.48, 115.66, 376.79, 334.93, 293.06, '2012-08-03 15:13:38'),
(961, 11, '31.8', '70', 182.74, 142.13, 101.52, 304.30, 272.27, 240.24, 220.07, 165.05, 110.04, 379.73, 337.54, 295.34, '2012-08-03 15:13:38'),
(962, 12, '31.8', '70', 349.79, 272.06, 194.33, 0.00, 0.00, 0.00, 364.93, 273.70, 182.46, 547.85, 486.98, 426.10, '2012-08-03 15:13:38'),
(963, 13, '31.8', '70', 182.74, 142.13, 101.52, 398.89, 356.90, 314.91, 231.31, 173.48, 115.66, 376.79, 334.93, 293.06, '2012-08-03 15:13:38'),
(964, 14, '31.8', '70', 182.74, 142.13, 101.52, 557.88, 499.15, 440.43, 170.98, 128.24, 85.49, 281.03, 249.81, 218.58, '2012-08-03 15:13:38'),
(965, 15, '31.8', '70', 246.50, 191.72, 136.95, 472.38, 422.65, 372.93, 225.39, 169.04, 112.70, 357.71, 317.97, 278.22, '2012-08-03 15:13:38'),
(966, 16, '31.8', '70', 182.74, 142.13, 101.52, 424.84, 380.12, 335.40, 231.31, 173.48, 115.66, 376.79, 334.93, 293.06, '2012-08-03 15:13:38'),
(967, 17, '31.8', '70', 246.50, 191.72, 136.95, 454.06, 431.36, 385.95, 225.39, 169.04, 112.70, 357.71, 317.97, 278.22, '2012-08-03 15:13:38'),
(968, 18, '31.8', '70', 246.50, 191.72, 136.95, 369.14, 350.68, 313.77, 225.39, 169.04, 112.70, 357.71, 317.97, 278.22, '2012-08-03 15:13:38'),
(969, 19, '31.8', '70', 246.50, 191.72, 136.95, 513.10, 459.09, 405.08, 225.39, 169.04, 112.70, 357.71, 317.97, 278.22, '2012-08-03 15:13:38'),
(970, 20, '31.8', '70', 428.62, 333.37, 238.12, 317.70, 301.82, 270.05, 364.93, 273.70, 182.46, 547.85, 486.98, 426.10, '2012-08-03 15:13:38'),
(971, 21, '31.8', '70', 127.67, 99.30, 70.93, 353.60, 335.92, 300.56, 155.06, 116.30, 77.53, 280.40, 249.25, 218.09, '2012-08-03 15:13:38'),
(972, 22, '31.8', '70', 127.67, 99.30, 70.93, 378.78, 359.84, 321.96, 155.06, 116.30, 77.53, 280.40, 249.25, 218.09, '2012-08-03 15:13:38'),
(973, 23, '31.8', '70', 182.74, 142.13, 101.52, 426.36, 381.48, 336.60, 231.31, 173.48, 115.66, 376.79, 334.93, 293.06, '2012-08-03 15:13:38'),
(974, 24, '31.8', '70', 182.74, 142.13, 101.52, 434.59, 388.84, 343.10, 231.31, 173.48, 115.66, 376.79, 334.93, 293.06, '2012-08-03 15:13:38'),
(975, 25, '31.8', '70', 182.74, 142.13, 101.52, 559.87, 500.94, 442.01, 231.31, 173.48, 115.66, 376.79, 334.93, 293.06, '2012-08-03 15:13:38'),
(976, 26, '31.8', '70', 182.74, 142.13, 101.52, 408.94, 365.89, 322.85, 231.31, 173.48, 115.66, 376.79, 334.93, 293.06, '2012-08-03 15:13:38'),
(977, 27, '31.8', '70', 246.50, 191.72, 136.95, 264.60, 251.37, 224.91, 225.39, 169.04, 112.70, 357.71, 317.97, 278.22, '2012-08-03 15:13:38'),
(978, 28, '31.8', '70', 246.50, 191.72, 136.95, 504.22, 451.15, 398.07, 225.39, 169.04, 112.70, 357.71, 317.97, 278.22, '2012-08-03 15:13:38'),
(979, 29, '31.8', '70', 246.50, 191.72, 136.95, 376.68, 357.85, 320.18, 225.39, 169.04, 112.70, 357.71, 317.97, 278.22, '2012-08-03 15:13:38'),
(980, 30, '31.8', '70', 190.41, 148.10, 105.78, 402.98, 382.83, 342.53, 225.39, 169.04, 112.70, 357.71, 317.97, 278.22, '2012-08-03 15:13:38'),
(981, 31, '31.8', '70', 246.50, 191.72, 136.95, 515.84, 490.05, 438.46, 225.39, 169.04, 112.70, 357.71, 317.97, 278.22, '2012-08-03 15:13:38'),
(982, 32, '31.8', '70', 131.82, 102.53, 73.23, 311.58, 296.00, 264.84, 162.48, 121.86, 81.24, 267.62, 237.89, 208.15, '2012-08-03 15:13:38'),
(983, 33, '31.8', '70', 131.82, 102.53, 73.23, 194.58, 184.85, 165.39, 162.48, 121.86, 81.24, 267.62, 237.89, 208.15, '2012-08-03 15:13:38'),
(984, 34, '31.8', '70', 428.62, 333.37, 238.12, 472.97, 423.18, 373.40, 364.93, 273.70, 182.46, 547.85, 486.98, 426.10, '2012-08-03 15:13:38'),
(985, 35, '31.8', '70', 428.62, 333.37, 238.12, 696.75, 623.41, 550.07, 364.93, 273.70, 182.46, 547.85, 486.98, 426.10, '2012-08-03 15:13:38'),
(986, 36, '31.8', '70', 326.35, 253.82, 181.30, 332.65, 297.64, 262.62, 352.87, 264.65, 176.44, 540.34, 480.30, 420.27, '2012-08-03 15:13:38'),
(987, 37, '31.8', '70', 131.82, 102.53, 73.23, 172.50, 163.88, 146.63, 162.48, 121.86, 81.24, 267.62, 237.89, 208.15, '2012-08-03 15:13:38'),
(988, 38, '31.8', '70', 182.74, 142.13, 101.52, 706.92, 671.57, 600.88, 156.97, 117.73, 78.48, 267.37, 237.66, 207.96, '2012-08-03 15:13:38'),
(989, 1, '36.3', '80', 238.82, 213.68, 188.54, 329.76, 295.05, 260.34, 100.60, 75.45, 50.30, 184.84, 164.30, 143.77, '2012-08-03 15:13:38'),
(990, 2, '36.3', '80', 275.05, 242.69, 226.51, 228.12, 216.71, 193.90, 177.55, 133.16, 88.78, 280.48, 249.31, 218.15, '2012-08-03 15:13:38'),
(991, 3, '36.3', '80', 327.07, 288.59, 269.35, 394.84, 375.10, 335.61, 208.53, 156.40, 104.26, 334.15, 297.02, 259.90, '2012-08-03 15:13:38'),
(992, 4, '36.3', '80', 275.05, 242.69, 226.51, 305.86, 290.57, 259.98, 177.55, 133.16, 88.78, 280.48, 249.31, 218.15, '2012-08-03 15:13:38'),
(993, 5, '36.3', '80', 679.62, 599.67, 559.69, 846.66, 757.54, 668.42, 397.46, 298.09, 198.73, 569.77, 506.46, 443.16, '2012-08-03 15:13:38'),
(994, 6, '36.3', '80', 639.64, 599.67, 559.69, 637.96, 570.81, 503.66, 391.83, 293.87, 195.92, 567.50, 504.45, 441.39, '2012-08-03 15:13:38'),
(995, 7, '36.3', '80', 270.98, 255.04, 239.10, 355.02, 317.65, 280.28, 173.15, 129.86, 86.58, 286.40, 254.58, 222.75, '2012-08-03 15:13:38'),
(996, 8, '36.3', '80', 189.46, 147.36, 105.26, 435.90, 390.01, 344.13, 231.38, 173.53, 115.69, 320.54, 284.93, 249.31, '2012-08-03 15:13:38'),
(997, 9, '36.3', '80', 140.99, 109.66, 78.33, 356.98, 339.13, 303.43, 172.71, 129.53, 86.36, 303.91, 270.14, 236.38, '2012-08-03 15:13:38'),
(998, 10, '36.3', '80', 200.89, 156.25, 111.60, 854.79, 764.81, 674.84, 253.29, 189.97, 126.64, 389.59, 346.30, 303.02, '2012-08-03 15:13:38'),
(999, 11, '36.3', '80', 200.89, 156.25, 111.60, 344.58, 308.31, 272.04, 244.14, 183.11, 122.07, 407.57, 362.29, 317.00, '2012-08-03 15:13:38'),
(1000, 12, '36.3', '80', 377.20, 293.38, 209.55, 0.00, 0.00, 0.00, 397.46, 298.09, 198.73, 569.77, 506.46, 443.16, '2012-08-03 15:13:38'),
(1001, 13, '36.3', '80', 200.89, 156.25, 111.60, 451.52, 403.99, 356.46, 253.29, 189.97, 126.64, 389.59, 346.30, 303.02, '2012-08-03 15:13:38'),
(1002, 14, '36.3', '80', 200.89, 156.25, 111.60, 629.13, 562.90, 496.68, 186.64, 139.98, 93.32, 306.94, 272.83, 238.73, '2012-08-03 15:13:38'),
(1003, 15, '36.3', '80', 273.62, 212.82, 152.01, 534.89, 478.58, 422.28, 245.67, 184.25, 122.84, 373.72, 332.19, 290.67, '2012-08-03 15:13:38'),
(1004, 16, '36.3', '80', 200.89, 156.25, 111.60, 480.13, 429.59, 379.05, 253.29, 189.97, 126.64, 389.59, 346.30, 303.02, '2012-08-03 15:13:38'),
(1005, 17, '36.3', '80', 273.62, 212.82, 152.01, 515.06, 489.31, 437.80, 245.67, 184.25, 122.84, 373.72, 332.19, 290.67, '2012-08-03 15:13:38'),
(1006, 18, '36.3', '80', 273.62, 212.82, 152.01, 415.54, 394.76, 353.21, 245.67, 184.25, 122.84, 373.72, 332.19, 290.67, '2012-08-03 15:13:38'),
(1007, 19, '36.3', '80', 273.62, 212.82, 152.01, 578.84, 517.91, 456.98, 245.67, 184.25, 122.84, 373.72, 332.19, 290.67, '2012-08-03 15:13:38'),
(1008, 20, '36.3', '80', 473.42, 368.21, 263.01, 358.10, 340.20, 304.39, 397.46, 298.09, 198.73, 569.77, 506.46, 443.16, '2012-08-03 15:13:38'),
(1009, 21, '36.3', '80', 140.99, 109.66, 78.33, 400.40, 380.38, 340.34, 172.71, 129.53, 86.36, 303.91, 270.14, 236.38, '2012-08-03 15:13:38'),
(1010, 22, '36.3', '80', 140.99, 109.66, 78.33, 429.58, 408.10, 365.14, 172.71, 129.53, 86.36, 303.91, 270.14, 236.38, '2012-08-03 15:13:38'),
(1011, 23, '36.3', '80', 200.89, 156.25, 111.60, 484.12, 433.16, 382.20, 253.29, 189.97, 126.64, 389.59, 346.30, 303.02, '2012-08-03 15:13:38'),
(1012, 24, '36.3', '80', 200.89, 156.25, 111.60, 493.87, 441.88, 389.90, 253.29, 189.97, 126.64, 389.59, 346.30, 303.02, '2012-08-03 15:13:38'),
(1013, 25, '36.3', '80', 200.89, 156.25, 111.60, 634.73, 567.92, 501.11, 253.29, 189.97, 126.64, 389.59, 346.30, 303.02, '2012-08-03 15:13:38'),
(1014, 26, '36.3', '80', 200.89, 156.25, 111.60, 463.66, 414.85, 366.05, 253.29, 189.97, 126.64, 389.59, 346.30, 303.02, '2012-08-03 15:13:38'),
(1015, 27, '36.3', '80', 273.62, 212.82, 152.01, 298.60, 283.67, 253.81, 245.67, 184.25, 122.84, 373.72, 332.19, 290.67, '2012-08-03 15:13:38'),
(1016, 28, '36.3', '80', 273.62, 212.82, 152.01, 563.50, 504.19, 444.87, 245.67, 184.25, 122.84, 373.72, 332.19, 290.67, '2012-08-03 15:13:38'),
(1017, 29, '36.3', '80', 273.62, 212.82, 152.01, 423.48, 402.31, 359.96, 245.67, 184.25, 122.84, 373.72, 332.19, 290.67, '2012-08-03 15:13:38'),
(1018, 30, '36.3', '80', 215.83, 167.87, 119.90, 456.78, 433.94, 388.26, 245.67, 184.25, 122.84, 373.72, 332.19, 290.67, '2012-08-03 15:13:38'),
(1019, 31, '36.3', '80', 273.62, 212.82, 152.01, 587.04, 557.69, 498.98, 245.67, 184.25, 122.84, 373.72, 332.19, 290.67, '2012-08-03 15:13:38'),
(1020, 32, '36.3', '80', 145.62, 113.26, 80.90, 351.18, 333.62, 298.50, 177.55, 133.16, 88.78, 280.48, 249.31, 218.15, '2012-08-03 15:13:38'),
(1021, 33, '36.3', '80', 145.62, 113.26, 80.90, 217.38, 206.51, 184.77, 177.55, 133.16, 88.78, 280.48, 249.31, 218.15, '2012-08-03 15:13:38'),
(1022, 34, '36.3', '80', 473.42, 368.21, 263.01, 529.21, 473.50, 417.80, 397.46, 298.09, 198.73, 569.77, 506.46, 443.16, '2012-08-03 15:13:38'),
(1023, 35, '36.3', '80', 473.42, 368.21, 263.01, 787.76, 704.84, 621.92, 397.46, 298.09, 198.73, 569.77, 506.46, 443.16, '2012-08-03 15:13:38'),
(1024, 36, '36.3', '80', 359.80, 279.84, 199.89, 376.35, 336.74, 297.12, 391.83, 293.87, 195.92, 567.50, 504.45, 441.39, '2012-08-03 15:13:38'),
(1025, 37, '36.3', '80', 145.62, 113.26, 80.90, 192.10, 182.50, 163.29, 177.55, 133.16, 88.78, 280.48, 249.31, 218.15, '2012-08-03 15:13:38'),
(1026, 38, '36.3', '80', 200.89, 156.25, 111.60, 803.92, 763.72, 683.33, 173.15, 129.86, 86.58, 286.40, 254.58, 222.75, '2012-08-03 15:13:38'),
(1027, 1, '40.9', '90', 250.99, 224.57, 198.15, 367.76, 329.05, 290.34, 105.98, 79.48, 52.99, 192.28, 170.91, 149.55, '2012-08-03 15:13:38'),
(1028, 2, '40.9', '90', 301.11, 265.69, 247.97, 252.12, 239.51, 214.30, 194.71, 146.03, 97.36, 293.33, 260.74, 228.14, '2012-08-03 15:13:38'),
(1029, 3, '40.9', '90', 358.30, 316.15, 295.07, 439.64, 417.66, 373.69, 228.67, 171.50, 114.34, 342.22, 304.19, 266.17, '2012-08-03 15:13:38'),
(1030, 4, '40.9', '90', 301.11, 265.69, 247.97, 339.86, 322.87, 288.88, 194.71, 146.03, 97.36, 293.33, 260.74, 228.14, '2012-08-03 15:13:38'),
(1031, 5, '40.9', '90', 742.81, 655.42, 611.73, 949.26, 849.34, 749.42, 443.02, 332.26, 221.51, 591.70, 525.95, 460.21, '2012-08-03 15:13:38'),
(1032, 6, '40.9', '90', 699.12, 655.42, 611.73, 698.00, 624.53, 551.06, 436.74, 327.56, 218.37, 594.65, 528.58, 462.50, '2012-08-03 15:13:38'),
(1033, 7, '40.9', '90', 297.22, 279.74, 262.25, 390.74, 349.61, 308.48, 189.62, 142.21, 94.81, 305.42, 271.49, 237.55, '2012-08-03 15:13:38'),
(1034, 8, '40.9', '90', 204.77, 159.27, 113.76, 487.01, 435.74, 384.48, 245.92, 184.44, 122.96, 327.85, 291.42, 255.00, '2012-08-03 15:13:38'),
(1035, 9, '40.9', '90', 154.32, 120.03, 85.73, 398.58, 378.65, 338.79, 187.34, 140.50, 93.67, 327.40, 291.02, 254.65, '2012-08-03 15:13:38'),
(1036, 10, '40.9', '90', 219.03, 170.36, 121.68, 958.91, 857.97, 757.04, 275.74, 206.81, 137.87, 402.37, 357.66, 312.96, '2012-08-03 15:13:38'),
(1037, 11, '40.9', '90', 219.03, 170.36, 121.68, 384.86, 344.35, 303.84, 269.36, 202.02, 134.68, 431.80, 383.82, 335.85, '2012-08-03 15:13:38'),
(1038, 12, '40.9', '90', 404.60, 314.69, 224.78, 0.00, 0.00, 0.00, 443.02, 332.26, 221.51, 591.70, 525.95, 460.21, '2012-08-03 15:13:38'),
(1039, 13, '40.9', '90', 219.03, 170.36, 121.68, 504.15, 451.08, 398.01, 275.74, 206.81, 137.87, 402.37, 357.66, 312.96, '2012-08-03 15:13:38'),
(1040, 14, '40.9', '90', 219.03, 170.36, 121.68, 700.38, 626.65, 552.93, 208.99, 156.74, 104.50, 329.24, 292.66, 256.07, '2012-08-03 15:13:38'),
(1041, 15, '40.9', '90', 300.75, 233.91, 167.08, 597.40, 534.51, 471.63, 268.30, 201.22, 134.15, 389.72, 346.42, 303.11, '2012-08-03 15:13:38'),
(1042, 16, '40.9', '90', 219.03, 170.36, 121.68, 535.42, 479.06, 422.70, 275.74, 206.81, 137.87, 402.37, 357.66, 312.96, '2012-08-03 15:13:38'),
(1043, 17, '40.9', '90', 300.75, 233.91, 167.08, 576.06, 547.26, 489.65, 268.30, 201.22, 134.15, 389.72, 346.42, 303.11, '2012-08-03 15:13:38'),
(1044, 18, '40.9', '90', 300.75, 233.91, 167.08, 461.94, 438.84, 392.65, 268.30, 201.22, 134.15, 389.72, 346.42, 303.11, '2012-08-03 15:13:38'),
(1045, 19, '40.9', '90', 300.75, 233.91, 167.08, 644.58, 576.73, 508.88, 268.30, 201.22, 134.15, 389.72, 346.42, 303.11, '2012-08-03 15:13:38'),
(1046, 20, '40.9', '90', 518.21, 403.05, 287.89, 398.50, 378.58, 338.73, 443.02, 332.26, 221.51, 591.70, 525.95, 460.21, '2012-08-03 15:13:38'),
(1047, 21, '40.9', '90', 154.32, 120.03, 85.73, 447.20, 424.84, 380.12, 187.34, 140.50, 93.67, 327.40, 291.02, 254.65, '2012-08-03 15:13:38'),
(1048, 22, '40.9', '90', 154.32, 120.03, 85.73, 480.38, 456.36, 408.32, 187.34, 140.50, 93.67, 327.40, 291.02, 254.65, '2012-08-03 15:13:38'),
(1049, 23, '40.9', '90', 219.03, 170.36, 121.68, 541.88, 484.84, 427.80, 275.74, 206.81, 137.87, 402.37, 357.66, 312.96, '2012-08-03 15:13:38'),
(1050, 24, '40.9', '90', 219.03, 170.36, 121.68, 553.15, 494.92, 436.70, 275.74, 206.81, 137.87, 402.37, 357.66, 312.96, '2012-08-03 15:13:38'),
(1051, 25, '40.9', '90', 219.03, 170.36, 121.68, 709.59, 634.90, 560.21, 275.74, 206.81, 137.87, 402.37, 357.66, 312.96, '2012-08-03 15:13:38'),
(1052, 26, '40.9', '90', 219.03, 170.36, 121.68, 518.38, 463.81, 409.25, 275.74, 206.81, 137.87, 402.37, 357.66, 312.96, '2012-08-03 15:13:38'),
(1053, 27, '40.9', '90', 300.75, 233.91, 167.08, 332.60, 315.97, 282.71, 268.30, 201.22, 134.15, 389.72, 346.42, 303.11, '2012-08-03 15:13:38'),
(1054, 28, '40.9', '90', 300.75, 233.91, 167.08, 622.78, 557.23, 491.67, 268.30, 201.22, 134.15, 389.72, 346.42, 303.11, '2012-08-03 15:13:38'),
(1055, 29, '40.9', '90', 300.75, 233.91, 167.08, 470.28, 446.77, 399.74, 268.30, 201.22, 134.15, 389.72, 346.42, 303.11, '2012-08-03 15:13:38'),
(1056, 30, '40.9', '90', 241.25, 187.64, 134.03, 510.58, 485.05, 433.99, 268.30, 201.22, 134.15, 389.72, 346.42, 303.11, '2012-08-03 15:13:38'),
(1057, 31, '40.9', '90', 300.75, 233.91, 167.08, 658.24, 625.33, 559.50, 268.30, 201.22, 134.15, 389.72, 346.42, 303.11, '2012-08-03 15:13:38'),
(1058, 32, '40.9', '90', 159.41, 123.99, 88.56, 390.78, 371.24, 332.16, 194.71, 146.03, 97.36, 293.33, 260.74, 228.14, '2012-08-03 15:13:38'),
(1059, 33, '40.9', '90', 159.41, 123.99, 88.56, 240.18, 228.17, 204.15, 194.71, 146.03, 97.36, 293.33, 260.74, 228.14, '2012-08-03 15:13:38'),
(1060, 34, '40.9', '90', 518.21, 403.05, 287.89, 585.45, 523.82, 462.20, 443.02, 332.26, 221.51, 591.70, 525.95, 460.21, '2012-08-03 15:13:38'),
(1061, 35, '40.9', '90', 518.21, 403.05, 287.89, 878.77, 786.27, 693.77, 443.02, 332.26, 221.51, 591.70, 525.95, 460.21, '2012-08-03 15:13:38'),
(1062, 36, '40.9', '90', 393.25, 305.86, 218.47, 420.05, 375.84, 331.62, 436.74, 327.56, 218.37, 594.65, 528.58, 462.50, '2012-08-03 15:13:38'),
(1063, 37, '40.9', '90', 159.41, 123.99, 88.56, 211.70, 201.12, 179.95, 194.71, 146.03, 97.36, 293.33, 260.74, 228.14, '2012-08-03 15:13:38'),
(1064, 38, '40.9', '90', 219.03, 170.36, 121.68, 900.92, 855.87, 765.78, 189.62, 142.21, 94.81, 305.42, 271.49, 237.55, '2012-08-03 15:13:38'),
(1065, 1, '45.4', '100', 263.16, 235.46, 207.76, 405.76, 363.05, 320.34, 112.00, 84.00, 56.00, 199.80, 177.60, 155.40, '2012-08-03 15:13:38'),
(1066, 2, '45.4', '100', 327.17, 288.68, 269.44, 276.12, 262.31, 234.70, 211.20, 158.40, 105.60, 306.00, 272.00, 238.00, '2012-08-03 15:13:38'),
(1067, 3, '45.4', '100', 389.54, 343.71, 320.80, 484.44, 460.22, 411.77, 253.60, 190.20, 126.80, 351.00, 312.00, 273.00, '2012-08-03 15:13:38'),
(1068, 4, '45.4', '100', 327.17, 288.68, 269.44, 373.86, 355.17, 317.78, 211.20, 158.40, 105.60, 306.00, 272.00, 238.00, '2012-08-03 15:13:38'),
(1069, 5, '45.4', '100', 806.00, 711.18, 663.76, 1051.86, 941.14, 830.42, 484.80, 363.60, 242.40, 613.80, 545.60, 477.40, '2012-08-03 15:13:38'),
(1070, 6, '45.4', '100', 758.59, 711.18, 663.76, 758.04, 678.25, 598.46, 483.20, 362.40, 241.60, 621.00, 552.00, 483.00, '2012-08-03 15:13:38'),
(1071, 7, '45.4', '100', 323.46, 304.43, 285.41, 426.46, 381.57, 336.68, 206.40, 154.80, 103.20, 324.00, 288.00, 252.00, '2012-08-03 15:13:38'),
(1072, 8, '45.4', '100', 220.08, 171.17, 122.27, 538.12, 481.47, 424.83, 261.60, 196.20, 130.80, 334.80, 297.60, 260.40, '2012-08-03 15:13:38'),
(1073, 9, '45.4', '100', 167.64, 130.39, 93.14, 440.18, 418.17, 374.15, 204.00, 153.00, 102.00, 351.00, 312.00, 273.00, '2012-08-03 15:13:38'),
(1074, 10, '45.4', '100', 237.18, 184.47, 131.76, 1063.03, 951.13, 839.24, 298.40, 223.80, 149.20, 415.80, 369.60, 323.40, '2012-08-03 15:13:38'),
(1075, 11, '45.4', '100', 237.18, 184.47, 131.76, 425.14, 380.39, 335.64, 294.40, 220.80, 147.20, 451.80, 401.60, 351.40, '2012-08-03 15:13:38'),
(1076, 12, '45.4', '100', 432.01, 336.01, 240.00, 0.00, 0.00, 0.00, 484.80, 363.60, 242.40, 613.80, 545.60, 477.40, '2012-08-03 15:13:38'),
(1077, 13, '45.4', '100', 237.18, 184.47, 131.76, 556.78, 498.17, 439.56, 298.40, 223.80, 149.20, 415.80, 369.60, 323.40, '2012-08-03 15:13:38'),
(1078, 14, '45.4', '100', 237.18, 184.47, 131.76, 771.63, 690.40, 609.18, 228.80, 171.60, 114.40, 351.00, 312.00, 273.00, '2012-08-03 15:13:38'),
(1079, 15, '45.4', '100', 327.87, 255.01, 182.15, 659.91, 590.44, 520.98, 291.20, 218.40, 145.60, 405.00, 360.00, 315.00, '2012-08-03 15:13:38'),
(1080, 16, '45.4', '100', 237.18, 184.47, 131.76, 590.71, 528.53, 466.35, 298.40, 223.80, 149.20, 415.80, 369.60, 323.40, '2012-08-03 15:13:38'),
(1081, 17, '45.4', '100', 327.87, 255.01, 182.15, 637.06, 605.21, 541.50, 291.20, 218.40, 145.60, 405.00, 360.00, 315.00, '2012-08-03 15:13:38'),
(1082, 18, '45.4', '100', 327.87, 255.01, 182.15, 508.34, 482.92, 432.09, 291.20, 218.40, 145.60, 405.00, 360.00, 315.00, '2012-08-03 15:13:38'),
(1083, 19, '45.4', '100', 327.87, 255.01, 182.15, 710.32, 635.55, 560.78, 291.20, 218.40, 145.60, 405.00, 360.00, 315.00, '2012-08-03 15:13:38'),
(1084, 20, '45.4', '100', 563.00, 437.89, 312.78, 438.90, 416.96, 373.07, 484.80, 363.60, 242.40, 613.80, 545.60, 477.40, '2012-08-03 15:13:38'),
(1085, 21, '45.4', '100', 167.64, 130.39, 93.14, 494.00, 469.30, 419.90, 204.00, 153.00, 102.00, 351.00, 312.00, 273.00, '2012-08-03 15:13:38'),
(1086, 22, '45.4', '100', 167.64, 130.39, 93.14, 531.18, 504.62, 451.50, 204.00, 153.00, 102.00, 351.00, 312.00, 273.00, '2012-08-03 15:13:38'),
(1087, 23, '45.4', '100', 237.18, 184.47, 131.76, 599.64, 536.52, 473.40, 298.40, 223.80, 149.20, 415.80, 369.60, 323.40, '2012-08-03 15:13:38'),
(1088, 24, '45.4', '100', 237.18, 184.47, 131.76, 612.43, 547.96, 483.50, 298.40, 223.80, 149.20, 415.80, 369.60, 323.40, '2012-08-03 15:13:38'),
(1089, 25, '45.4', '100', 237.18, 184.47, 131.76, 784.45, 701.88, 619.31, 298.40, 223.80, 149.20, 415.80, 369.60, 323.40, '2012-08-03 15:13:38'),
(1090, 26, '45.4', '100', 237.18, 184.47, 131.76, 573.10, 512.77, 452.45, 298.40, 223.80, 149.20, 415.80, 369.60, 323.40, '2012-08-03 15:13:38'),
(1091, 27, '45.4', '100', 327.87, 255.01, 182.15, 366.60, 348.27, 311.61, 291.20, 218.40, 145.60, 405.00, 360.00, 315.00, '2012-08-03 15:13:38'),
(1092, 28, '45.4', '100', 327.87, 255.01, 182.15, 682.06, 610.27, 538.47, 291.20, 218.40, 145.60, 405.00, 360.00, 315.00, '2012-08-03 15:13:38'),
(1093, 29, '45.4', '100', 327.87, 255.01, 182.15, 517.08, 491.23, 439.52, 291.20, 218.40, 145.60, 405.00, 360.00, 315.00, '2012-08-03 15:13:38'),
(1094, 30, '45.4', '100', 266.67, 207.41, 148.15, 564.38, 536.16, 479.72, 291.20, 218.40, 145.60, 405.00, 360.00, 315.00, '2012-08-03 15:13:38'),
(1095, 31, '45.4', '100', 327.87, 255.01, 182.15, 729.44, 692.97, 620.02, 291.20, 218.40, 145.60, 405.00, 360.00, 315.00, '2012-08-03 15:13:38'),
(1096, 32, '45.4', '100', 173.21, 134.72, 96.23, 430.38, 408.86, 365.82, 211.20, 158.40, 105.60, 306.00, 272.00, 238.00, '2012-08-03 15:13:38'),
(1097, 33, '45.4', '100', 173.21, 134.72, 96.23, 262.98, 249.83, 223.53, 211.20, 158.40, 105.60, 306.00, 272.00, 238.00, '2012-08-03 15:13:38'),
(1098, 34, '45.4', '100', 563.00, 437.89, 312.78, 641.69, 574.14, 506.60, 484.80, 363.60, 242.40, 613.80, 545.60, 477.40, '2012-08-03 15:13:38'),
(1099, 35, '45.4', '100', 563.00, 437.89, 312.78, 969.78, 867.70, 765.62, 484.80, 363.60, 242.40, 613.80, 545.60, 477.40, '2012-08-03 15:13:38'),
(1100, 36, '45.4', '100', 426.71, 331.88, 237.06, 463.75, 414.94, 366.12, 483.20, 362.40, 241.60, 621.00, 552.00, 483.00, '2012-08-03 15:13:38'),
(1101, 37, '45.4', '100', 173.21, 134.72, 96.23, 231.30, 219.74, 196.61, 211.20, 158.40, 105.60, 306.00, 272.00, 238.00, '2012-08-03 15:13:38'),
(1102, 38, '45.4', '100', 237.18, 184.47, 131.76, 997.92, 948.02, 848.23, 206.40, 154.80, 103.20, 324.00, 288.00, 252.00, '2012-08-03 15:13:38'),
(1103, 1, '+ 1 lbs', '+ 1 lbs', 2.67, 2.39, 2.11, 0.20, 0.20, 0.20, 0.98, 0.70, 0.56, 1.89, 1.67, 1.55, '2012-08-03 15:13:38'),
(1104, 2, '+ 1 lbs', '+ 1 lbs', 3.25, 2.87, 2.68, 0.12, 0.12, 0.12, 1.85, 1.32, 1.06, 2.89, 2.55, 2.38, '2012-08-03 15:13:38'),
(1105, 3, '+ 1 lbs', '+ 1 lbs', 3.87, 3.42, 3.19, 0.22, 0.22, 0.22, 2.22, 1.59, 1.27, 3.32, 2.93, 2.73, '2012-08-03 15:13:38'),
(1106, 4, '+ 1 lbs', '+ 1 lbs', 3.25, 2.87, 2.68, 0.17, 0.17, 0.17, 1.85, 1.32, 1.06, 2.89, 2.55, 2.38, '2012-08-03 15:13:38'),
(1107, 5, '+ 1 lbs', '+ 1 lbs', 8.03, 7.09, 6.62, 0.54, 0.54, 0.54, 4.24, 3.03, 2.42, 5.80, 5.12, 4.77, '2012-08-03 15:13:38'),
(1108, 6, '+ 1 lbs', '+ 1 lbs', 7.56, 7.09, 6.62, 0.40, 0.40, 0.40, 4.23, 3.02, 2.42, 5.87, 5.18, 4.83, '2012-08-03 15:13:38'),
(1109, 7, '+ 1 lbs', '+ 1 lbs', 3.20, 3.01, 2.82, 0.19, 0.19, 0.19, 1.81, 1.29, 1.03, 3.06, 2.70, 2.52, '2012-08-03 15:13:38'),
(1110, 8, '+ 1 lbs', '+ 1 lbs', 2.22, 1.73, 1.23, 0.27, 0.27, 0.27, 2.29, 1.64, 1.31, 3.16, 2.79, 2.60, '2012-08-03 15:13:38'),
(1111, 9, '+ 1 lbs', '+ 1 lbs', 1.66, 1.29, 0.92, 0.21, 0.21, 0.21, 1.79, 1.28, 1.02, 3.32, 2.93, 2.73, '2012-08-03 15:13:38'),
(1112, 10, '+ 1 lbs', '+ 1 lbs', 2.41, 1.87, 1.34, 0.55, 0.55, 0.55, 2.61, 1.87, 1.49, 3.93, 3.47, 3.23, '2012-08-03 15:13:38'),
(1113, 11, '+ 1 lbs', '+ 1 lbs', 2.41, 1.87, 1.34, 0.21, 0.21, 0.21, 2.58, 1.84, 1.47, 4.27, 3.77, 3.51, '2012-08-03 15:13:38'),
(1114, 12, '+ 1 lbs', '+ 1 lbs', 4.32, 3.36, 2.40, 0.00, 0.00, 0.00, 4.24, 3.03, 2.42, 5.80, 5.12, 4.77, '2012-08-03 15:13:38'),
(1115, 13, '+ 1 lbs', '+ 1 lbs', 2.41, 1.87, 1.34, 0.28, 0.28, 0.28, 2.61, 1.87, 1.49, 3.93, 3.47, 3.23, '2012-08-03 15:13:38'),
(1116, 14, '+ 1 lbs', '+ 1 lbs', 2.41, 1.87, 1.34, 0.38, 0.38, 0.38, 2.00, 1.43, 1.14, 3.32, 2.93, 2.73, '2012-08-03 15:13:38');
INSERT INTO `pricelist` (`pricelist_id`, `continents_id`, `weight_kg`, `weight_lbs`, `DHL_cost_std`, `DHL_cost_prem`, `DHL_cost_bus`, `TNT_cost_std`, `TNT_cost_prem`, `TNT_cost_bus`, `Fedex_cost_std`, `Fedex_cost_prem`, `Fedex_cost_bus`, `Fedex_Eco_cost_std`, `Fedex_Eco_cost_prem`, `Fedex_Eco_cost_bus`, `create_date`) VALUES
(1117, 15, '+ 1 lbs', '+ 1 lbs', 3.27, 2.54, 1.82, 0.33, 0.33, 0.33, 2.55, 1.82, 1.46, 3.83, 3.38, 3.15, '2012-08-03 15:13:38'),
(1118, 16, '+ 1 lbs', '+ 1 lbs', 2.41, 1.87, 1.34, 0.29, 0.29, 0.29, 2.61, 1.87, 1.49, 3.93, 3.47, 3.23, '2012-08-03 15:13:38'),
(1119, 17, '+ 1 lbs', '+ 1 lbs', 3.27, 2.54, 1.82, 0.31, 0.31, 0.31, 2.55, 1.82, 1.46, 3.83, 3.38, 3.15, '2012-08-03 15:13:38'),
(1120, 18, '+ 1 lbs', '+ 1 lbs', 3.27, 2.54, 1.82, 0.23, 0.23, 0.23, 2.55, 1.82, 1.46, 3.83, 3.38, 3.15, '2012-08-03 15:13:38'),
(1121, 19, '+ 1 lbs', '+ 1 lbs', 3.27, 2.54, 1.82, 0.35, 0.35, 0.35, 2.55, 1.82, 1.46, 3.83, 3.38, 3.15, '2012-08-03 15:13:38'),
(1122, 20, '+ 1 lbs', '+ 1 lbs', 5.57, 4.33, 3.09, 0.20, 0.20, 0.20, 4.24, 3.03, 2.42, 5.80, 5.12, 4.77, '2012-08-03 15:13:38'),
(1123, 21, '+ 1 lbs', '+ 1 lbs', 1.66, 1.29, 0.92, 0.23, 0.23, 0.23, 1.79, 1.28, 1.02, 3.32, 2.93, 2.73, '2012-08-03 15:13:38'),
(1124, 22, '+ 1 lbs', '+ 1 lbs', 1.66, 1.29, 0.92, 0.25, 0.25, 0.25, 1.79, 1.28, 1.02, 3.32, 2.93, 2.73, '2012-08-03 15:13:38'),
(1125, 23, '+ 1 lbs', '+ 1 lbs', 2.41, 1.87, 1.34, 0.30, 0.30, 0.30, 2.61, 1.87, 1.49, 3.93, 3.47, 3.23, '2012-08-03 15:13:38'),
(1126, 24, '+ 1 lbs', '+ 1 lbs', 2.41, 1.87, 1.34, 0.31, 0.31, 0.31, 2.61, 1.87, 1.49, 3.93, 3.47, 3.23, '2012-08-03 15:13:38'),
(1127, 25, '+ 1 lbs', '+ 1 lbs', 2.41, 1.87, 1.34, 0.39, 0.39, 0.39, 2.61, 1.87, 1.49, 3.93, 3.47, 3.23, '2012-08-03 15:13:38'),
(1128, 26, '+ 1 lbs', '+ 1 lbs', 2.41, 1.87, 1.34, 0.29, 0.29, 0.29, 2.61, 1.87, 1.49, 3.93, 3.47, 3.23, '2012-08-03 15:13:38'),
(1129, 27, '+ 1 lbs', '+ 1 lbs', 3.27, 2.54, 1.82, 0.17, 0.17, 0.17, 2.55, 1.82, 1.46, 3.83, 3.38, 3.15, '2012-08-03 15:13:38'),
(1130, 28, '+ 1 lbs', '+ 1 lbs', 3.27, 2.54, 1.82, 0.31, 0.31, 0.31, 2.55, 1.82, 1.46, 3.83, 3.38, 3.15, '2012-08-03 15:13:38'),
(1131, 29, '+ 1 lbs', '+ 1 lbs', 3.27, 2.54, 1.82, 0.23, 0.23, 0.23, 2.55, 1.82, 1.46, 3.83, 3.38, 3.15, '2012-08-03 15:13:38'),
(1132, 30, '+ 1 lbs', '+ 1 lbs', 2.54, 1.98, 1.41, 0.27, 0.27, 0.27, 2.55, 1.82, 1.46, 3.83, 3.38, 3.15, '2012-08-03 15:13:38'),
(1133, 31, '+ 1 lbs', '+ 1 lbs', 3.27, 2.54, 1.82, 0.36, 0.36, 0.36, 2.55, 1.82, 1.46, 3.83, 3.38, 3.15, '2012-08-03 15:13:38'),
(1134, 32, '+ 1 lbs', '+ 1 lbs', 1.72, 1.34, 0.96, 0.20, 0.20, 0.20, 1.39, 0.99, 0.79, 2.89, 2.55, 2.38, '2012-08-03 15:13:38'),
(1135, 33, '+ 1 lbs', '+ 1 lbs', 1.72, 1.34, 0.96, 0.11, 0.11, 0.11, 1.27, 0.91, 0.73, 2.89, 2.55, 2.38, '2012-08-03 15:13:38'),
(1136, 34, '+ 1 lbs', '+ 1 lbs', 5.57, 4.33, 3.09, 0.30, 0.30, 0.30, 4.24, 3.03, 2.42, 5.80, 5.12, 4.77, '2012-08-03 15:13:38'),
(1137, 35, '+ 1 lbs', '+ 1 lbs', 5.57, 4.33, 3.09, 0.48, 0.48, 0.48, 4.24, 3.03, 2.42, 5.80, 5.12, 4.77, '2012-08-03 15:13:38'),
(1138, 36, '+ 1 lbs', '+ 1 lbs', 4.25, 3.31, 2.36, 0.23, 0.23, 0.23, 4.23, 3.02, 2.42, 5.87, 5.18, 4.83, '2012-08-03 15:13:38'),
(1139, 37, '+ 1 lbs', '+ 1 lbs', 1.72, 1.34, 0.96, 0.10, 0.10, 0.10, 1.85, 1.32, 1.06, 2.89, 2.55, 2.38, '2012-08-03 15:13:38'),
(1140, 38, '+ 1 lbs', '+ 1 lbs', 2.41, 1.87, 1.34, 0.49, 0.49, 0.49, 1.81, 1.29, 1.03, 3.06, 2.70, 2.52, '2012-08-03 15:13:38'),
(1141, 1, '+ 0.5 Kg', '+ 0.5 Kg', 2.94, 2.63, 2.32, 0.22, 0.22, 0.22, 1.08, 0.77, 0.62, 3.74, 3.30, 3.08, '2012-08-03 15:13:38'),
(1142, 2, '+ 0.5 Kg', '+ 0.5 Kg', 3.57, 3.15, 2.94, 0.13, 0.13, 0.13, 2.03, 1.45, 1.16, 2.24, 1.98, 1.85, '2012-08-03 15:13:38'),
(1143, 3, '+ 0.5 Kg', '+ 0.5 Kg', 4.26, 3.76, 3.51, 0.25, 0.25, 0.25, 2.44, 1.74, 1.39, 4.19, 3.70, 3.45, '2012-08-03 15:13:38'),
(1144, 4, '+ 0.5 Kg', '+ 0.5 Kg', 3.57, 3.15, 2.94, 0.19, 0.19, 0.19, 2.03, 1.45, 1.16, 3.18, 2.81, 2.62, '2012-08-03 15:13:38'),
(1145, 5, '+ 0.5 Kg', '+ 0.5 Kg', 8.84, 7.80, 7.28, 0.59, 0.59, 0.59, 4.67, 3.33, 2.67, 10.10, 8.91, 8.32, '2012-08-03 15:13:38'),
(1146, 6, '+ 0.5 Kg', '+ 0.5 Kg', 8.32, 7.80, 7.28, 0.44, 0.44, 0.44, 4.65, 3.32, 2.66, 7.41, 6.53, 6.10, '2012-08-03 15:13:38'),
(1147, 7, '+ 0.5 Kg', '+ 0.5 Kg', 3.51, 3.31, 3.10, 0.21, 0.21, 0.21, 1.99, 1.42, 1.14, 3.52, 3.10, 2.90, '2012-08-03 15:13:38'),
(1148, 8, '+ 0.5 Kg', '+ 0.5 Kg', 2.44, 1.90, 1.36, 0.30, 0.30, 0.30, 2.52, 1.80, 1.44, 5.03, 4.44, 4.14, '2012-08-03 15:13:38'),
(1149, 9, '+ 0.5 Kg', '+ 0.5 Kg', 1.83, 1.42, 1.02, 0.23, 0.23, 0.23, 1.96, 1.40, 1.12, 3.89, 3.43, 3.20, '2012-08-03 15:13:38'),
(1150, 10, '+ 0.5 Kg', '+ 0.5 Kg', 2.65, 2.06, 1.47, 0.60, 0.60, 0.60, 2.87, 2.05, 1.64, 10.25, 9.04, 8.44, '2012-08-03 15:13:38'),
(1151, 11, '+ 0.5 Kg', '+ 0.5 Kg', 2.65, 2.06, 1.47, 0.23, 0.23, 0.23, 2.83, 2.02, 1.62, 3.96, 3.50, 3.26, '2012-08-03 15:13:38'),
(1152, 12, '+ 0.5 Kg', '+ 0.5 Kg', 4.75, 3.69, 2.64, 0.00, 0.00, 0.00, 4.67, 3.33, 2.67, 10.25, 9.04, 8.44, '2012-08-03 15:13:38'),
(1153, 13, '+ 0.5 Kg', '+ 0.5 Kg', 2.65, 2.06, 1.47, 0.30, 0.30, 0.30, 2.87, 2.05, 1.64, 5.18, 4.57, 4.27, '2012-08-03 15:13:38'),
(1154, 14, '+ 0.5 Kg', '+ 0.5 Kg', 2.65, 2.06, 1.47, 0.41, 0.41, 0.41, 2.20, 1.57, 1.26, 7.01, 6.19, 5.78, '2012-08-03 15:13:38'),
(1155, 15, '+ 0.5 Kg', '+ 0.5 Kg', 3.60, 2.80, 2.00, 0.36, 0.36, 0.36, 2.80, 2.00, 1.60, 6.15, 5.43, 5.07, '2012-08-03 15:13:38'),
(1156, 16, '+ 0.5 Kg', '+ 0.5 Kg', 2.65, 2.06, 1.47, 0.32, 0.32, 0.32, 2.87, 2.05, 1.64, 5.44, 4.80, 4.48, '2012-08-03 15:13:38'),
(1157, 17, '+ 0.5 Kg', '+ 0.5 Kg', 3.60, 2.80, 2.00, 0.34, 0.34, 0.34, 2.80, 2.00, 1.60, 5.70, 5.03, 4.70, '2012-08-03 15:13:38'),
(1158, 18, '+ 0.5 Kg', '+ 0.5 Kg', 3.60, 2.80, 2.00, 0.26, 0.26, 0.26, 2.80, 2.00, 1.60, 4.34, 3.83, 3.57, '2012-08-03 15:13:38'),
(1159, 19, '+ 0.5 Kg', '+ 0.5 Kg', 3.60, 2.80, 2.00, 0.38, 0.38, 0.38, 2.80, 2.00, 1.60, 6.47, 5.71, 5.33, '2012-08-03 15:13:38'),
(1160, 20, '+ 0.5 Kg', '+ 0.5 Kg', 6.12, 4.76, 3.40, 0.22, 0.22, 0.22, 4.67, 3.33, 2.67, 3.78, 3.33, 3.11, '2012-08-03 15:13:38'),
(1161, 21, '+ 0.5 Kg', '+ 0.5 Kg', 1.83, 1.42, 1.02, 0.26, 0.26, 0.26, 1.96, 1.40, 1.12, 4.38, 3.86, 3.60, '2012-08-03 15:13:38'),
(1162, 22, '+ 0.5 Kg', '+ 0.5 Kg', 1.83, 1.42, 1.02, 0.28, 0.28, 0.28, 1.96, 1.40, 1.12, 4.75, 4.19, 3.91, '2012-08-03 15:13:38'),
(1163, 23, '+ 0.5 Kg', '+ 0.5 Kg', 2.65, 2.06, 1.47, 0.33, 0.33, 0.33, 2.87, 2.05, 1.64, 5.68, 5.02, 4.68, '2012-08-03 15:13:38'),
(1164, 24, '+ 0.5 Kg', '+ 0.5 Kg', 2.65, 2.06, 1.47, 0.34, 0.34, 0.34, 2.87, 2.05, 1.64, 5.83, 5.15, 4.80, '2012-08-03 15:13:38'),
(1165, 25, '+ 0.5 Kg', '+ 0.5 Kg', 2.65, 2.06, 1.47, 0.43, 0.43, 0.43, 2.87, 2.05, 1.64, 7.37, 6.50, 6.07, '2012-08-03 15:13:38'),
(1166, 26, '+ 0.5 Kg', '+ 0.5 Kg', 2.65, 2.06, 1.47, 0.32, 0.32, 0.32, 2.87, 2.05, 1.64, 5.39, 4.75, 4.44, '2012-08-03 15:13:38'),
(1167, 27, '+ 0.5 Kg', '+ 0.5 Kg', 3.60, 2.80, 2.00, 0.19, 0.19, 0.19, 2.80, 2.00, 1.60, 3.18, 2.81, 2.62, '2012-08-03 15:13:38'),
(1168, 28, '+ 0.5 Kg', '+ 0.5 Kg', 3.60, 2.80, 2.00, 0.34, 0.34, 0.34, 2.80, 2.00, 1.60, 5.83, 5.15, 4.80, '2012-08-03 15:13:38'),
(1169, 29, '+ 0.5 Kg', '+ 0.5 Kg', 3.60, 2.80, 2.00, 0.26, 0.26, 0.26, 2.80, 2.00, 1.60, 4.38, 3.86, 3.60, '2012-08-03 15:13:38'),
(1170, 30, '+ 0.5 Kg', '+ 0.5 Kg', 2.80, 2.17, 1.55, 0.30, 0.30, 0.30, 2.80, 2.00, 1.60, 5.03, 4.44, 4.14, '2012-08-03 15:13:38'),
(1171, 31, '+ 0.5 Kg', '+ 0.5 Kg', 3.60, 2.80, 2.00, 0.39, 0.39, 0.39, 2.80, 2.00, 1.60, 6.66, 5.87, 5.48, '2012-08-03 15:13:38'),
(1172, 32, '+ 0.5 Kg', '+ 0.5 Kg', 1.89, 1.47, 1.05, 0.22, 0.22, 0.22, 1.52, 1.09, 0.87, 3.70, 3.27, 3.05, '2012-08-03 15:13:38'),
(1173, 33, '+ 0.5 Kg', '+ 0.5 Kg', 1.89, 1.47, 1.05, 0.13, 0.13, 0.13, 1.40, 1.00, 0.80, 2.13, 1.88, 1.76, '2012-08-03 15:13:38'),
(1174, 34, '+ 0.5 Kg', '+ 0.5 Kg', 6.12, 4.76, 3.40, 0.33, 0.33, 0.33, 4.67, 3.33, 2.67, 5.54, 4.88, 4.56, '2012-08-03 15:13:38'),
(1175, 35, '+ 0.5 Kg', '+ 0.5 Kg', 6.12, 4.76, 3.40, 0.53, 0.53, 0.53, 4.67, 3.33, 2.67, 8.96, 7.90, 7.38, '2012-08-03 15:13:38'),
(1176, 36, '+ 0.5 Kg', '+ 0.5 Kg', 4.68, 3.64, 2.60, 0.25, 0.25, 0.25, 4.65, 3.32, 2.66, 4.30, 3.80, 3.54, '2012-08-03 15:13:38'),
(1177, 37, '+ 0.5 Kg', '+ 0.5 Kg', 1.89, 1.47, 1.05, 0.11, 0.11, 0.11, 2.03, 1.45, 1.16, 1.83, 1.62, 1.51, '2012-08-03 15:13:38'),
(1178, 38, '+ 0.5 Kg', '+ 0.5 Kg', 2.65, 2.06, 1.47, 0.53, 0.53, 0.53, 1.99, 1.42, 1.14, 9.07, 8.00, 7.47, '2012-08-03 15:13:38');

-- --------------------------------------------------------

--
-- Table structure for table `shippingaddress`
--

CREATE TABLE IF NOT EXISTS `shippingaddress` (
  `address_id` int(10) NOT NULL AUTO_INCREMENT,
  `user_id` int(10) NOT NULL,
  `first_name` varchar(15) NOT NULL,
  `last_name` varchar(15) NOT NULL,
  `address1` varchar(20) NOT NULL,
  `address2` varchar(20) NOT NULL,
  `city` varchar(20) NOT NULL,
  `state` varchar(8) NOT NULL,
  `zip` varchar(8) NOT NULL,
  `country` varchar(20) NOT NULL,
  `phone` varchar(15) NOT NULL,
  PRIMARY KEY (`address_id`),
  KEY `user_id` (`user_id`)
) ENGINE=InnoDB  DEFAULT CHARSET=latin1 AUTO_INCREMENT=107318 ;

--
-- Dumping data for table `shippingaddress`
--

INSERT INTO `shippingaddress` (`address_id`, `user_id`, `first_name`, `last_name`, `address1`, `address2`, `city`, `state`, `zip`, `country`, `phone`) VALUES
(107310, 1000007, 'Changshuo', 'Shi', '101 Paterson Ave', '', 'Jersey City', 'NJ', '07307', 'Bhutan', '2017441783'),
(107311, 1000009, 'ming', 'xiao', '111 s st.', '', 'Jersey City', 'NJ', '07307', 'China', '1112223333'),
(107312, 1000010, 'sss', 'sssss', '101 Paterson St.', '', 'Jersey City', 'NJ', '07307', 'China', '2017441783'),
(107313, 1000011, 'Mikeabc', 'Shi', '101 Paterson St.', '', 'Jersey City', 'NJ', '07307', 'China', '2017441783'),
(107314, 1000012, 'mikecba', 'bcb', '1233', '123 ave', 'city', 'china', '12245', 'China', '12345'),
(107315, 1000013, 'wei', 'fang', '116 bleecker st', 'ground floor', 'jersey city', 'NY', '07307', 'China', '3333333333'),
(107316, 1000014, 'ssfsd', 'dfdsf', '101 Paterson St.', '', 'Jersey City', 'NJ', '07307', 'China', '2017441783'),
(107317, 1000015, 'test', 'li', '113 bleecker street', '', 'jersey city', 'nj', '07030', 'us', '2016213504');

-- --------------------------------------------------------

--
-- Table structure for table `shippingorder_issue`
--

CREATE TABLE IF NOT EXISTS `shippingorder_issue` (
  `shipping_order_id` int(10) NOT NULL,
  `issue_id` int(10) NOT NULL,
  `quantity` int(11) NOT NULL,
  PRIMARY KEY (`shipping_order_id`,`issue_id`),
  KEY `issue_id` (`issue_id`)
) ENGINE=InnoDB DEFAULT CHARSET=latin1;

--
-- Dumping data for table `shippingorder_issue`
--

INSERT INTO `shippingorder_issue` (`shipping_order_id`, `issue_id`, `quantity`) VALUES
(20, 387, 1),
(20, 388, 1),
(20, 389, 1),
(20, 390, 1),
(23, 385, 1),
(23, 386, 1),
(23, 422, 1),
(23, 423, 1),
(24, 381, 1),
(24, 382, 1),
(24, 397, 1),
(24, 413, 1),
(24, 414, 1),
(24, 417, 1),
(24, 418, 1),
(24, 419, 1),
(24, 434, 1),
(24, 435, 1),
(32, 383, 1),
(32, 398, 1),
(32, 400, 1),
(32, 412, 3),
(32, 436, 1),
(32, 437, 1),
(32, 439, 3),
(32, 440, 3),
(32, 441, 3),
(32, 442, 3),
(32, 443, 3),
(32, 487, 1),
(32, 488, 1),
(32, 489, 1),
(32, 490, 1),
(32, 491, 1),
(32, 524, 1),
(32, 525, 1),
(32, 526, 1),
(32, 527, 1),
(32, 528, 1),
(33, 451, 1),
(33, 452, 1),
(33, 453, 1),
(33, 454, 1),
(33, 455, 1),
(33, 456, 1),
(33, 457, 1),
(33, 458, 1);

-- --------------------------------------------------------

--
-- Table structure for table `shipping_fee`
--

CREATE TABLE IF NOT EXISTS `shipping_fee` (
  `country_id` int(10) NOT NULL,
  `country` varchar(20) NOT NULL,
  `shipping_index` varchar(10) NOT NULL,
  PRIMARY KEY (`country_id`)
) ENGINE=InnoDB DEFAULT CHARSET=latin1;

-- --------------------------------------------------------

--
-- Table structure for table `shipping_order`
--

CREATE TABLE IF NOT EXISTS `shipping_order` (
  `shipping_order_id` int(10) NOT NULL AUTO_INCREMENT,
  `address_id` int(10) NOT NULL,
  `shipping_date` date NOT NULL DEFAULT '2000-01-01',
  `shipping_weight` varchar(5) NOT NULL DEFAULT '0',
  `shipping_price` float NOT NULL DEFAULT '0',
  `status` varchar(15) NOT NULL,
  `payment_id` int(10) NOT NULL,
  `user_id` int(10) NOT NULL,
  PRIMARY KEY (`shipping_order_id`),
  KEY `address_id` (`address_id`),
  KEY `payment_id` (`payment_id`)
) ENGINE=InnoDB  DEFAULT CHARSET=latin1 AUTO_INCREMENT=34 ;

--
-- Dumping data for table `shipping_order`
--

INSERT INTO `shipping_order` (`shipping_order_id`, `address_id`, `shipping_date`, `shipping_weight`, `shipping_price`, `status`, `payment_id`, `user_id`) VALUES
(20, 107310, '2012-08-01', '4.4', 88, 'Shipped', 92, 1000007),
(23, 107310, '2012-08-01', '4.6', 48, 'Shipped', 113, 1000007),
(24, 107310, '2012-08-01', '10', 30, 'Shipped', 125, 1000007),
(32, 107310, '2012-07-27', '20.7', 50, 'Shipped', 136, 1000007),
(33, 107310, '2012-09-01', '8.799', 176, 'Shipped', 133, 1000007);

-- --------------------------------------------------------

--
-- Table structure for table `useraccount`
--

CREATE TABLE IF NOT EXISTS `useraccount` (
  `user_id` int(10) NOT NULL AUTO_INCREMENT,
  `password` varchar(40) NOT NULL,
  `first_name` varchar(10) NOT NULL,
  `last_name` varchar(10) NOT NULL,
  `gender` varchar(6) NOT NULL,
  `birthday` date NOT NULL,
  `join_date` date NOT NULL,
  `email` varchar(40) NOT NULL,
  `email2` varchar(40) NOT NULL DEFAULT 'NULL',
  `phone` varchar(15) NOT NULL,
  `default_addressid` int(10) NOT NULL DEFAULT '0',
  PRIMARY KEY (`user_id`),
  UNIQUE KEY `email` (`email`)
) ENGINE=InnoDB  DEFAULT CHARSET=latin1 AUTO_INCREMENT=1000016 ;

--
-- Dumping data for table `useraccount`
--

INSERT INTO `useraccount` (`user_id`, `password`, `first_name`, `last_name`, `gender`, `birthday`, `join_date`, `email`, `email2`, `phone`, `default_addressid`) VALUES
(1000001, '123', 'Yupeng', 'Xie', 'M', '1987-02-06', '2012-04-11', 'charlesxieyupeng@gmail.com', '', '', 107307),
(1000002, '19881109ff', 'Shiyang', 'Fei', 'Male', '1911-02-02', '2012-04-24', 'sfei@me.com', '', '', 0),
(1000003, '123456', 'Barack', 'Obama', 'Male', '1969-01-01', '2012-05-01', 'Obama@whitehouse.org', '', '', 107308),
(1000007, '20eabe5d64b0e216796e834f52d61fd0b70332fc', 'Changshuo', 'Shi', 'Male', '1917-05-06', '2012-06-11', 'shichangshuo@sina.com', 'NULL', '2017441783', 107310),
(1000008, '20eabe5d64b0e216796e834f52d61fd0b70332fc', 'wanning', 'liu', 'Female', '1904-02-05', '2012-06-25', 'liuwanning.lwn@gmail.com', 'NULL', '2018055795', 0),
(1000009, '20eabe5d64b0e216796e834f52d61fd0b70332fc', 'ming', 'xiao', 'Male', '1917-04-06', '2012-06-25', 'mm@aa.com', 'NULL', '1112223333', 107311),
(1000010, '20eabe5d64b0e216796e834f52d61fd0b70332fc', 'sss', 'sssss', 'Male', '1902-04-04', '2012-07-13', 'aaa@gmail.com', 'NULL', '2017441783', 107312),
(1000011, '20eabe5d64b0e216796e834f52d61fd0b70332fc', 'Mikeabc', 'Shi', 'Male', '1968-03-06', '2012-07-16', 'abc@sina.com', 'NULL', '2017441783', 107313),
(1000012, '20eabe5d64b0e216796e834f52d61fd0b70332fc', 'mikecba', 'bcb', 'Male', '1901-05-05', '2012-07-16', 'mikecba@gmail.com', 'NULL', '12345', 107314),
(1000013, '2ea6201a068c5fa0eea5d81a3863321a87f8d533', 'wei', 'fang', 'Male', '1902-04-08', '2012-07-17', 'wfang@stevens.edu', 'NULL', '3333333333', 107315),
(1000014, '20eabe5d64b0e216796e834f52d61fd0b70332fc', 'ssfsd', 'dfdsf', 'Male', '1901-02-05', '2012-07-23', 'shichangshuo@hotmail.com', 'NULL', '2017441783', 107316),
(1000015, '20eabe5d64b0e216796e834f52d61fd0b70332fc', 'test', 'li', 'Male', '1900-02-04', '2013-08-14', 'fangwei4608@gmail.com', 'NULL', '2016213504', 107317);

--
-- Constraints for dumped tables
--

--
-- Constraints for table `creditcardinfo`
--
ALTER TABLE `creditcardinfo`
  ADD CONSTRAINT `creditcardinfo_ibfk_1` FOREIGN KEY (`user_id`) REFERENCES `useraccount` (`user_id`);

--
-- Constraints for table `order`
--
ALTER TABLE `order`
  ADD CONSTRAINT `order_ibfk_1` FOREIGN KEY (`user_id`) REFERENCES `useraccount` (`user_id`),
  ADD CONSTRAINT `order_ibfk_2` FOREIGN KEY (`payment_id`) REFERENCES `paymentinfo` (`payment_id`);

--
-- Constraints for table `order_magazineinfo`
--
ALTER TABLE `order_magazineinfo`
  ADD CONSTRAINT `order_magazineinfo_ibfk_3` FOREIGN KEY (`mag_id`) REFERENCES `magazineinfo` (`mag_id`),
  ADD CONSTRAINT `order_magazineinfo_ibfk_4` FOREIGN KEY (`order_id`) REFERENCES `order` (`order_id`);

--
-- Constraints for table `paymentinfo`
--
ALTER TABLE `paymentinfo`
  ADD CONSTRAINT `paymentinfo_ibfk_1` FOREIGN KEY (`creditcard_id`) REFERENCES `creditcardinfo` (`creditcard_id`);

--
-- Constraints for table `shippingaddress`
--
ALTER TABLE `shippingaddress`
  ADD CONSTRAINT `shippingaddress_ibfk_1` FOREIGN KEY (`user_id`) REFERENCES `useraccount` (`user_id`);

--
-- Constraints for table `shippingorder_issue`
--
ALTER TABLE `shippingorder_issue`
  ADD CONSTRAINT `shippingorder_issue_ibfk_1` FOREIGN KEY (`shipping_order_id`) REFERENCES `shipping_order` (`shipping_order_id`),
  ADD CONSTRAINT `shippingorder_issue_ibfk_2` FOREIGN KEY (`issue_id`) REFERENCES `issueinfo` (`issue_id`);

/*!40101 SET CHARACTER_SET_CLIENT=@OLD_CHARACTER_SET_CLIENT */;
/*!40101 SET CHARACTER_SET_RESULTS=@OLD_CHARACTER_SET_RESULTS */;
/*!40101 SET COLLATION_CONNECTION=@OLD_COLLATION_CONNECTION */;
